{"normal": { "output": {"listings": [{"imovel": {"tipos": {"propriedade": "Casa"}, "endereco": {"bairro": "Barra da Tijuca", "localizacao": {"type": "Point", "coordinates": [-43.3039086, -23.0139692]}}, "vagasGaragem": 4, "area": 279, "caracteristicas": {"propriedade": "['\u00c1rea de Servi\u00e7o', 'Terra\u00e7o', 'Churrasqueira', 'Quarto/WC Empregada', 'Sauna', 'Varanda', 'G\u00e1s Encanado', 'Closet', 'Piscina', 'Mobiliado', 'Arm\u00e1rios Planejados', 'Acessibilidade']", "condominio": "['Churrasqueira', 'Sal\u00e3o de Jogos', 'Sauna', 'Estacionamento Visitantes', 'Playground', 'Sal\u00e3o de Festas', 'Porteiro 24 Horas', 'Estacionamento Coberto', 'Aceita Pet', 'Sistema de Inc\u00eandio', 'Seguran\u00e7a Interna', 'Biciclet\u00e1rio', 'Acessibilidade']", "entorno": "['Pr\u00f3ximo a Escola Particular', 'Pr\u00f3ximo ao Metr\u00f4', 'Pr\u00f3ximo a Servi\u00e7os de Sa\u00fade', 'Pr\u00f3ximo a Centro Empresarial', 'Pr\u00f3ximo a Restaurante', 'Pr\u00f3ximo a Academia', 'Pr\u00f3ximo a Praia', 'Pr\u00f3ximo a Escola P\u00fablica', 'Pr\u00f3ximo a Farm\u00e1cia', 'Pr\u00f3ximo a Parques e \u00c1reas Verdes', 'Pr\u00f3ximo ao Shopping', 'Pr\u00f3ximo a \u00c1reas de Lazer', 'Pr\u00f3ximo a Mercado', 'Pr\u00f3ximo a Com\u00e9rcio Diversos']"}}, "anuncio": {"tipos": {"publicacao": "Padr\u00e3o", "listagem": "Lan\u00e7amento"}, "valores": {"venda": 2400000.0, "aluguel": 0.0, "condominio": 790.0, "iptu": 5700.0}, "descricao": "Amplo im\u00f3vel para venda com 3 quartos, sendo 1 su\u00edtes, e 2 banheiros no total."}}, {"imovel": {"tipos": {"propriedade": "Apartamento"}, "endereco": {"bairro": "Campo Grande", "localizacao": {"type": "Point", "coordinates": [0, 0]}}, "vagasGaragem": 1, "area": 60, "caracteristicas": {"propriedade": "['Sauna']", "condominio": "['Elevador', 'Playground', 'Sal\u00e3o de Festas', 'Sistema de Inc\u00eandio', 'Sal\u00e3o de Jogos', 'Dep\u00f3sito Privativo', 'Porteiro 24 Horas', 'Academia', 'Churrasqueira', 'Quadra Poliesportiva']", "entorno": "['Pr\u00f3ximo ao Shopping', 'Pr\u00f3ximo a \u00c1reas de Lazer', 'Pr\u00f3ximo a Restaurante', 'Pr\u00f3ximo a Farm\u00e1cia', 'Pr\u00f3ximo a Academia', 'Pr\u00f3ximo a Mercado', 'Pr\u00f3ximo a Com\u00e9rcio Diversos', 'Pr\u00f3ximo a Centro Empresarial']"}}, "anuncio": {"tipos": {"publicacao": "Padr\u00e3o", "listagem": "Usado"}, "valores": {"venda": 200000.0, "aluguel": 0.0, "condominio": 0.0, "iptu": 0.0}, "descricao": "Amplo im\u00f3vel para venda com 2 quartos, sendo 0 su\u00edtes, e 1 banheiros no total."}}, {"imovel": {"tipos": {"propriedade": "Cobertura"}, "endereco": {"bairro": "Barra da Tijuca", "localizacao": {"type": "Point", "coordinates": [-43.3037186, -22.9951304]}}, "vagasGaragem": 2, "area": 380, "caracteristicas": {"propriedade": "['Acessibilidade', '\u00c1rea de Servi\u00e7o', 'Sauna', 'Ambientes Integrados', 'G\u00e1s Encanado', 'Vista Panor\u00e2mica', 'Varanda', 'Closet', 'Quarto/WC Empregada', 'Churrasqueira', 'Piscina']", "condominio": "['Sauna', 'Playground', 'Quadra Poliesportiva', 'Sal\u00e3o de Festas', 'Servi\u00e7o de Transporte no Condom\u00ednio', 'Sistema de Inc\u00eandio', 'Sal\u00e3o de Jogos', 'Piscina', 'Aceita Pet']", "entorno": "['Pr\u00f3ximo a Escola Particular']"}}, "anuncio": {"tipos": {"publicacao": "Premium", "listagem": "Usado"}, "valores": {"venda": 4400000.0, "aluguel": 0.0, "condominio": 1200.0, "iptu": 850.0}, "descricao": "Amplo im\u00f3vel para venda com 5 quartos, sendo 4 su\u00edtes, e 5 banheiros no total."}}, {"imovel": {"tipos": {"propriedade": "Cobertura"}, "endereco": {"bairro": "Barra da Tijuca", "localizacao": {"type": "Point", "coordinates": [-43.3548121, -23.0097423]}}, "vagasGaragem": 1, "area": 73, "caracteristicas": {"propriedade": "['Vista Panor\u00e2mica', 'Piscina', 'Sauna', 'Closet', 'Mobiliado', 'Arm\u00e1rios Planejados', '\u00c1rea de Servi\u00e7o', 'Churrasqueira', 'Varanda']", "condominio": "['Quadra Poliesportiva', 'Aceita Pet', 'Playground', 'Academia', 'Sauna', 'Dep\u00f3sito Privativo', 'Biciclet\u00e1rio', 'Sal\u00e3o de Jogos', 'Estacionamento Visitantes', 'Seguran\u00e7a Interna', 'Com\u00e9rcio/Servi\u00e7os no Condom\u00ednio', 'Churrasqueira', 'Porteiro 24 Horas']", "entorno": "['Pr\u00f3ximo a Farm\u00e1cia', 'Pr\u00f3ximo a Academia', 'Pr\u00f3ximo a Restaurante', 'Pr\u00f3ximo ao Shopping', 'Pr\u00f3ximo a \u00c1reas de Lazer', 'Pr\u00f3ximo a Escola P\u00fablica']"}}, "anuncio": {"tipos": {"publicacao": "Padr\u00e3o", "listagem": "Usado"}, "valores": {"venda": 1100000.0, "aluguel": 0.0, "condominio": 1300.0, "iptu": 364.0}, "descricao": "Amplo im\u00f3vel para venda com 2 quartos, sendo 1 su\u00edtes, e 2 banheiros no total."}}, {"imovel": {"tipos": {"propriedade": "Sala Comercial"}, "endereco": {"bairro": "Gl\u00f3ria", "localizacao": {"type": "Point", "coordinates": [-43.1779703, -22.9174894]}}, "vagasGaragem": 1, "area": 32, "caracteristicas": {"propriedade": "['Arm\u00e1rios Planejados']", "condominio": "['Quadra Poliesportiva', 'Porteiro 24 Horas', 'Elevador', 'Com\u00e9rcio/Servi\u00e7os no Condom\u00ednio', 'Servi\u00e7o de Transporte no Condom\u00ednio', 'Dep\u00f3sito Privativo', 'Biciclet\u00e1rio']", "entorno": "['Pr\u00f3ximo a Centro Empresarial', 'Pr\u00f3ximo a \u00c1reas de Lazer', 'Pr\u00f3ximo a Escola Particular', 'Pr\u00f3ximo a Escola P\u00fablica', 'Pr\u00f3ximo a Com\u00e9rcio Diversos', 'Pr\u00f3ximo a Farm\u00e1cia', 'Pr\u00f3ximo a Restaurante']"}}, "anuncio": {"tipos": {"publicacao": "Padr\u00e3o", "listagem": "Usado"}, "valores": {"venda": 260000.0, "aluguel": 0.0, "condominio": 450.0, "iptu": 800.0}, "descricao": "Amplo im\u00f3vel para venda com 0 quartos, sendo 0 su\u00edtes, e 1 banheiros no total."}}, {"imovel": {"tipos": {"propriedade": "Casa"}, "endereco": {"bairro": "Vila Isabel", "localizacao": {"type": "Point", "coordinates": [0, 0]}}, "vagasGaragem": 2, "area": 164, "caracteristicas": {"propriedade": "['Mobiliado', 'Varanda', 'Closet', 'Churrasqueira', 'Ambientes Integrados', 'Acessibilidade']", "condominio": "['Aceita Pet', 'Quadra Poliesportiva', 'Playground', 'Piscina', 'Sauna', 'Seguran\u00e7a Interna', 'Servi\u00e7o de Transporte no Condom\u00ednio', 'Sal\u00e3o de Festas', 'Churrasqueira', 'Estacionamento Coberto', 'Estacionamento Visitantes', 'Sistema de Inc\u00eandio', 'Academia', 'Porteiro 24 Horas', 'Biciclet\u00e1rio', 'Dep\u00f3sito Privativo', 'Sal\u00e3o de Jogos']", "entorno": "['Pr\u00f3ximo a Centro Empresarial', 'Pr\u00f3ximo a Escola Particular', 'Pr\u00f3ximo a Praia', 'Pr\u00f3ximo a Mercado', 'Pr\u00f3ximo ao Shopping', 'Pr\u00f3ximo a \u00c1reas de Lazer', 'Pr\u00f3ximo a Farm\u00e1cia']"}}, "anuncio": {"tipos": {"publicacao": "Padr\u00e3o", "listagem": "Lan\u00e7amento"}, "valores": {"venda": 280000.0, "aluguel": 0.0, "condominio": 583.0, "iptu": 188.0}, "descricao": "Amplo im\u00f3vel para venda com 1 quartos, sendo 0 su\u00edtes, e 0 banheiros no total."}}, {"imovel": {"tipos": {"propriedade": "Casa"}, "endereco": {"bairro": "Andara\u00ed", "localizacao": {"type": "Point", "coordinates": [-43.252201188, -22.9282608539]}}, "vagasGaragem": 1, "area": 68, "caracteristicas": {"propriedade": "['Churrasqueira', 'G\u00e1s Encanado', 'Cozinha Americana', '\u00c1rea de Servi\u00e7o', 'Quarto/WC Empregada', 'Mobiliado', 'Acessibilidade', 'Vista Panor\u00e2mica', 'Closet', 'Piscina', 'Ambientes Integrados', 'Terra\u00e7o']", "condominio": "['Sauna', 'Sistema de Inc\u00eandio', 'Estacionamento Visitantes', 'Playground', 'Com\u00e9rcio/Servi\u00e7os no Condom\u00ednio', 'Quadra Poliesportiva', 'Biciclet\u00e1rio', 'Estacionamento Coberto', 'Academia', 'Seguran\u00e7a Interna', 'Dep\u00f3sito Privativo']", "entorno": "['Pr\u00f3ximo ao Metr\u00f4', 'Pr\u00f3ximo ao Shopping', 'Pr\u00f3ximo a Restaurante', 'Pr\u00f3ximo a Servi\u00e7os de Sa\u00fade', 'Pr\u00f3ximo a Escola Particular', 'Pr\u00f3ximo a Com\u00e9rcio Diversos', 'Pr\u00f3ximo a Praia', 'Pr\u00f3ximo a Farm\u00e1cia', 'Pr\u00f3ximo a Mercado', 'Pr\u00f3ximo a Parques e \u00c1reas Verdes', 'Pr\u00f3ximo a Academia', 'Pr\u00f3ximo a Escola P\u00fablica']"}}, "anuncio": {"tipos": {"publicacao": "Destaque", "listagem": "Usado"}, "valores": {"venda": 300000.0, "aluguel": 0.0, "condominio": 350.0, "iptu": 0.0}, "descricao": "Amplo im\u00f3vel para venda com 2 quartos, sendo 0 su\u00edtes, e 1 banheiros no total."}}, {"imovel": {"tipos": {"propriedade": "Apartamento"}, "endereco": {"bairro": "Copacabana", "localizacao": {"type": "Point", "coordinates": [-43.1749613, -22.964604]}}, "vagasGaragem": 1, "area": 110, "caracteristicas": {"propriedade": "['Quarto/WC Empregada', 'G\u00e1s Encanado', 'Sauna', 'Varanda', 'Vista Panor\u00e2mica', 'Closet', 'Acessibilidade', 'Terra\u00e7o', 'Piscina', 'Ambientes Integrados', 'Cozinha Americana', '\u00c1rea de Servi\u00e7o']", "condominio": "['Piscina', 'Com\u00e9rcio/Servi\u00e7os no Condom\u00ednio', 'Seguran\u00e7a Interna', 'Sauna', 'Porteiro 24 Horas', 'Acessibilidade', 'Sal\u00e3o de Jogos', 'Playground', 'Sal\u00e3o de Festas']", "entorno": "['Pr\u00f3ximo a Escola Particular', 'Pr\u00f3ximo a Com\u00e9rcio Diversos', 'Pr\u00f3ximo a \u00c1reas de Lazer', 'Pr\u00f3ximo a Praia', 'Pr\u00f3ximo a Mercado', 'Pr\u00f3ximo a Escola P\u00fablica', 'Pr\u00f3ximo a Restaurante', 'Pr\u00f3ximo a Parques e \u00c1reas Verdes', 'Pr\u00f3ximo ao Shopping', 'Pr\u00f3ximo a Farm\u00e1cia']"}}, "anuncio": {"tipos": {"publicacao": "Premium", "listagem": "Usado"}, "valores": {"venda": 950000.0, "aluguel": 0.0, "condominio": 800.0, "iptu": 120.0}, "descricao": "Amplo im\u00f3vel para venda com 3 quartos, sendo 1 su\u00edtes, e 2 banheiros no total."}}, {"imovel": {"tipos": {"propriedade": "Consult\u00f3rio"}, "endereco": {"bairro": "Recreio dos Bandeirantes", "localizacao": {"type": "Point", "coordinates": [-43.453754, -23.0102127]}}, "vagasGaragem": 4, "area": 214, "caracteristicas": {"propriedade": "['Acessibilidade', 'Mobiliado', 'Churrasqueira', 'Piscina', 'Arm\u00e1rios Planejados', 'Quarto/WC Empregada', 'Ambientes Integrados', 'Sauna', '\u00c1rea de Servi\u00e7o', 'Cozinha Americana', 'Terra\u00e7o', 'G\u00e1s Encanado', 'Varanda']", "condominio": "['Aceita Pet', 'Sal\u00e3o de Festas', 'Sauna', 'Dep\u00f3sito Privativo', 'Estacionamento Coberto', 'Sistema de Inc\u00eandio', 'Academia', 'Piscina', 'Estacionamento Visitantes', 'Acessibilidade']", "entorno": "['Pr\u00f3ximo a Mercado', 'Pr\u00f3ximo a Farm\u00e1cia']"}}, "anuncio": {"tipos": {"publicacao": "Super Destaque", "listagem": "Usado"}, "valores": {"venda": 1390000.0, "aluguel": 0.0, "condominio": 750.0, "iptu": 3282.0}, "descricao": "Amplo im\u00f3vel para venda com 4 quartos, sendo 1 su\u00edtes, e 2 banheiros no total."}}, {"imovel": {"tipos": {"propriedade": "Casa"}, "endereco": {"bairro": "Recreio dos Bandeirantes", "localizacao": {"type": "Point", "coordinates": [-43.5129166, -23.0241139]}}, "vagasGaragem": 1, "area": 82, "caracteristicas": {"propriedade": "['\u00c1rea de Servi\u00e7o', 'Terra\u00e7o', 'Ambientes Integrados', 'Cozinha Americana', 'G\u00e1s Encanado', 'Acessibilidade', 'Closet', 'Varanda']", "condominio": "['Piscina', 'Sal\u00e3o de Festas', 'Estacionamento Visitantes', 'Sal\u00e3o de Jogos', 'Academia', 'Sistema de Inc\u00eandio', 'Porteiro 24 Horas', 'Seguran\u00e7a Interna', 'Churrasqueira', 'Biciclet\u00e1rio', 'Servi\u00e7o de Transporte no Condom\u00ednio', 'Elevador', 'Estacionamento Coberto', 'Dep\u00f3sito Privativo', 'Quadra Poliesportiva', 'Acessibilidade']", "entorno": "['Pr\u00f3ximo ao Metr\u00f4', 'Pr\u00f3ximo a Com\u00e9rcio Diversos', 'Pr\u00f3ximo a \u00c1reas de Lazer']"}}, "anuncio": {"tipos": {"publicacao": "Padr\u00e3o", "listagem": "Usado"}, "valores": {"venda": 439000.0, "aluguel": 0.0, "condominio": 620.0, "iptu": 1.0}, "descricao": "Amplo im\u00f3vel para venda com 3 quartos, sendo 1 su\u00edtes, e 2 banheiros no total."}}, {"imovel": {"tipos": {"propriedade": "Casa"}, "endereco": {"bairro": "Tijuca", "localizacao": {"type": "Point", "coordinates": [-43.2369414, -22.93291]}}, "vagasGaragem": 2, "area": 230, "caracteristicas": {"propriedade": "['Closet', 'Ambientes Integrados', '\u00c1rea de Servi\u00e7o', 'Terra\u00e7o']", "condominio": "['Seguran\u00e7a Interna', 'Piscina', 'Sal\u00e3o de Jogos']", "entorno": "['Pr\u00f3ximo a Centro Empresarial', 'Pr\u00f3ximo a Escola Particular', 'Pr\u00f3ximo a Parques e \u00c1reas Verdes', 'Pr\u00f3ximo a Escola P\u00fablica', 'Pr\u00f3ximo a Mercado', 'Pr\u00f3ximo a Restaurante', 'Pr\u00f3ximo a Academia', 'Pr\u00f3ximo a Servi\u00e7os de Sa\u00fade', 'Pr\u00f3ximo a \u00c1reas de Lazer', 'Pr\u00f3ximo a Farm\u00e1cia']"}}, "anuncio": {"tipos": {"publicacao": "Destaque", "listagem": "Lan\u00e7amento"}, "valores": {"venda": 960000.0, "aluguel": 0.0, "condominio": 680.0, "iptu": 900.0}, "descricao": "Amplo im\u00f3vel para venda com 3 quartos, sendo 0 su\u00edtes, e 0 banheiros no total."}}, {"imovel": {"tipos": {"propriedade": "Apartamento"}, "endereco": {"bairro": "Copacabana", "localizacao": {"type": "Point", "coordinates": [-49.0607072, -26.9225117]}}, "vagasGaragem": 1, "area": 135, "caracteristicas": {"propriedade": "[]", "condominio": "['Biciclet\u00e1rio']", "entorno": "['Pr\u00f3ximo a Farm\u00e1cia', 'Pr\u00f3ximo a \u00c1reas de Lazer', 'Pr\u00f3ximo a Escola P\u00fablica', 'Pr\u00f3ximo ao Metr\u00f4', 'Pr\u00f3ximo a Academia', 'Pr\u00f3ximo a Servi\u00e7os de Sa\u00fade', 'Pr\u00f3ximo a Mercado', 'Pr\u00f3ximo a Escola Particular', 'Pr\u00f3ximo a Com\u00e9rcio Diversos', 'Pr\u00f3ximo a Restaurante']"}}, "anuncio": {"tipos": {"publicacao": "Padr\u00e3o", "listagem": "Usado"}, "valores": {"venda": 1080000.0, "aluguel": 0.0, "condominio": 1000.0, "iptu": 1900.0}, "descricao": "Amplo im\u00f3vel para venda com 3 quartos, sendo 0 su\u00edtes, e 1 banheiros no total."}}, {"imovel": {"tipos": {"propriedade": "Apartamento"}, "endereco": {"bairro": "M\u00e9ier", "localizacao": {"type": "Point", "coordinates": [-49.0607072, -26.9225117]}}, "vagasGaragem": 1, "area": 63, "caracteristicas": {"propriedade": "['Piscina', 'Quarto/WC Empregada', 'G\u00e1s Encanado', 'Mobiliado']", "condominio": "['Sauna', 'Estacionamento Coberto', 'Porteiro 24 Horas', 'Aceita Pet', 'Sal\u00e3o de Jogos', 'Biciclet\u00e1rio', 'Churrasqueira', 'Academia', 'Servi\u00e7o de Transporte no Condom\u00ednio', 'Seguran\u00e7a Interna', 'Acessibilidade', 'Dep\u00f3sito Privativo', 'Sal\u00e3o de Festas', 'Com\u00e9rcio/Servi\u00e7os no Condom\u00ednio', 'Piscina']", "entorno": "['Pr\u00f3ximo a Com\u00e9rcio Diversos', 'Pr\u00f3ximo a Escola Particular', 'Pr\u00f3ximo a Farm\u00e1cia', 'Pr\u00f3ximo a Praia', 'Pr\u00f3ximo a Escola P\u00fablica', 'Pr\u00f3ximo a Centro Empresarial', 'Pr\u00f3ximo a \u00c1reas de Lazer', 'Pr\u00f3ximo ao Metr\u00f4', 'Pr\u00f3ximo a Academia']"}}, "anuncio": {"tipos": {"publicacao": "Padr\u00e3o", "listagem": "Usado"}, "valores": {"venda": 400000.0, "aluguel": 0.0, "condominio": 628.0, "iptu": 661.0}, "descricao": "Amplo im\u00f3vel para venda com 2 quartos, sendo 0 su\u00edtes, e 1 banheiros no total."}}, {"imovel": {"tipos": {"propriedade": "Consult\u00f3rio"}, "endereco": {"bairro": "Recreio dos Bandeirantes", "localizacao": {"type": "Point", "coordinates": [-43.5010964, -23.0249208]}}, "vagasGaragem": 0, "area": 0, "caracteristicas": {"propriedade": "['Sauna', 'Terra\u00e7o', 'Closet', 'G\u00e1s Encanado', 'Vista Panor\u00e2mica']", "condominio": "['Playground', 'Aceita Pet', 'Porteiro 24 Horas']", "entorno": "['Pr\u00f3ximo a Restaurante', 'Pr\u00f3ximo ao Metr\u00f4', 'Pr\u00f3ximo a Academia', 'Pr\u00f3ximo ao Shopping']"}}, "anuncio": {"tipos": {"publicacao": "Padr\u00e3o", "listagem": "Usado"}, "valores": {"venda": 370583.0, "aluguel": 0.0, "condominio": 0.0, "iptu": 0.0}, "descricao": "Amplo im\u00f3vel para venda com 0 quartos, sendo 0 su\u00edtes, e 1 banheiros no total."}}, {"imovel": {"tipos": {"propriedade": "Apartamento"}, "endereco": {"bairro": "Recreio dos Bandeirantes", "localizacao": {"type": "Point", "coordinates": [-43.4842556, -23.0302751]}}, "vagasGaragem": 1, "area": 96, "caracteristicas": {"propriedade": "[]", "condominio": "['Quadra Poliesportiva', 'Porteiro 24 Horas']", "entorno": "['Pr\u00f3ximo ao Metr\u00f4', 'Pr\u00f3ximo a Mercado', 'Pr\u00f3ximo ao Shopping', 'Pr\u00f3ximo a Parques e \u00c1reas Verdes', 'Pr\u00f3ximo a Com\u00e9rcio Diversos', 'Pr\u00f3ximo a Farm\u00e1cia', 'Pr\u00f3ximo a Escola Particular']"}}, "anuncio": {"tipos": {"publicacao": "Padr\u00e3o", "listagem": "Usado"}, "valores": {"venda": 490000.0, "aluguel": 0.0, "condominio": 480.0, "iptu": 200.0}, "descricao": "Amplo im\u00f3vel para venda com 2 quartos, sendo 1 su\u00edtes, e 2 banheiros no total."}}, {"imovel": {"tipos": {"propriedade": "Casa"}, "endereco": {"bairro": "Vila Isabel", "localizacao": {"type": "Point", "coordinates": [-43.2427336, -22.9185964]}}, "vagasGaragem": 1, "area": 66, "caracteristicas": {"propriedade": "['Quarto/WC Empregada', 'Varanda', 'Piscina', 'Sauna', 'Arm\u00e1rios Planejados', 'Ambientes Integrados', 'Cozinha Americana', 'Terra\u00e7o', 'Vista Panor\u00e2mica', 'Mobiliado', 'Churrasqueira', '\u00c1rea de Servi\u00e7o', 'Acessibilidade', 'Closet']", "condominio": "['Quadra Poliesportiva']", "entorno": "['Pr\u00f3ximo ao Shopping', 'Pr\u00f3ximo a Farm\u00e1cia', 'Pr\u00f3ximo a Centro Empresarial', 'Pr\u00f3ximo a Mercado', 'Pr\u00f3ximo a Servi\u00e7os de Sa\u00fade', 'Pr\u00f3ximo a Com\u00e9rcio Diversos', 'Pr\u00f3ximo a Escola P\u00fablica', 'Pr\u00f3ximo a Restaurante', 'Pr\u00f3ximo a Praia', 'Pr\u00f3ximo a Escola Particular']"}}, "anuncio": {"tipos": {"publicacao": "Padr\u00e3o", "listagem": "Usado"}, "valores": {"venda": 440000.0, "aluguel": 0.0, "condominio": 500.0, "iptu": 25.0}, "descricao": "Amplo im\u00f3vel para venda com 2 quartos, sendo 0 su\u00edtes, e 1 banheiros no total."}}, {"imovel": {"tipos": {"propriedade": "Apartamento"}, "endereco": {"bairro": "Campo Grande", "localizacao": {"type": "Point", "coordinates": [-43.1728965, -22.9068467]}}, "vagasGaragem": 0, "area": 40, "caracteristicas": {"propriedade": "['Vista Panor\u00e2mica', 'Sauna', '\u00c1rea de Servi\u00e7o', 'Piscina', 'Ambientes Integrados', 'Acessibilidade']", "condominio": "['Biciclet\u00e1rio', 'Com\u00e9rcio/Servi\u00e7os no Condom\u00ednio', 'Sal\u00e3o de Festas', 'Estacionamento Coberto', 'Seguran\u00e7a Interna', 'Quadra Poliesportiva', 'Churrasqueira', 'Aceita Pet']", "entorno": "['Pr\u00f3ximo a Escola Particular', 'Pr\u00f3ximo a Praia', 'Pr\u00f3ximo a Academia', 'Pr\u00f3ximo a Restaurante', 'Pr\u00f3ximo a Mercado', 'Pr\u00f3ximo ao Metr\u00f4', 'Pr\u00f3ximo a Parques e \u00c1reas Verdes', 'Pr\u00f3ximo a Com\u00e9rcio Diversos', 'Pr\u00f3ximo a \u00c1reas de Lazer', 'Pr\u00f3ximo a Farm\u00e1cia']"}}, "anuncio": {"tipos": {"publicacao": "Padr\u00e3o", "listagem": "Usado"}, "valores": {"venda": 700000.0, "aluguel": 0.0, "condominio": 0.0, "iptu": 0.0}, "descricao": "Amplo im\u00f3vel para venda com 2 quartos, sendo 0 su\u00edtes, e 1 banheiros no total."}}, {"imovel": {"tipos": {"propriedade": "Sala Comercial"}, "endereco": {"bairro": "Copacabana", "localizacao": {"type": "Point", "coordinates": [-43.1857067, -22.9670207]}}, "vagasGaragem": 1, "area": 80, "caracteristicas": {"propriedade": "['Quarto/WC Empregada', 'Churrasqueira', 'Sauna']", "condominio": "['Dep\u00f3sito Privativo', 'Biciclet\u00e1rio', 'Churrasqueira', 'Estacionamento Coberto', 'Com\u00e9rcio/Servi\u00e7os no Condom\u00ednio', 'Seguran\u00e7a Interna', 'Estacionamento Visitantes', 'Acessibilidade', 'Quadra Poliesportiva', 'Sistema de Inc\u00eandio', 'Playground']", "entorno": "['Pr\u00f3ximo a Farm\u00e1cia', 'Pr\u00f3ximo a Escola Particular', 'Pr\u00f3ximo a Academia', 'Pr\u00f3ximo ao Shopping', 'Pr\u00f3ximo a Praia', 'Pr\u00f3ximo a Servi\u00e7os de Sa\u00fade', 'Pr\u00f3ximo ao Metr\u00f4', 'Pr\u00f3ximo a Restaurante']"}}, "anuncio": {"tipos": {"publicacao": "Destaque", "listagem": "Usado"}, "valores": {"venda": 1000000.0, "aluguel": 0.0, "condominio": 630.0, "iptu": 112.0}, "descricao": "Amplo im\u00f3vel para venda com 2 quartos, sendo 0 su\u00edtes, e 1 banheiros no total."}}, {"imovel": {"tipos": {"propriedade": "Casa"}, "endereco": {"bairro": "Ipanema", "localizacao": {"type": "Point", "coordinates": [-43.2019364, -22.9832228]}}, "vagasGaragem": 2, "area": 240, "caracteristicas": {"propriedade": "['Sauna', 'Ambientes Integrados', 'Arm\u00e1rios Planejados', 'Piscina', 'Cozinha Americana', 'Terra\u00e7o', 'Varanda', 'Closet', 'Acessibilidade', 'Mobiliado', 'G\u00e1s Encanado', 'Churrasqueira']", "condominio": "['Elevador', 'Estacionamento Coberto']", "entorno": "['Pr\u00f3ximo a Centro Empresarial']"}}, "anuncio": {"tipos": {"publicacao": "Destaque", "listagem": "Usado"}, "valores": {"venda": 4500000.0, "aluguel": 0.0, "condominio": 2300.0, "iptu": 0.0}, "descricao": "Amplo im\u00f3vel para venda com 3 quartos, sendo 1 su\u00edtes, e 2 banheiros no total."}}, {"imovel": {"tipos": {"propriedade": "Sala Comercial"}, "endereco": {"bairro": "Paci\u00eancia", "localizacao": {"type": "Point", "coordinates": [-43.6220075, -22.8938151]}}, "vagasGaragem": 1, "area": 45, "caracteristicas": {"propriedade": "['Mobiliado', 'Acessibilidade', '\u00c1rea de Servi\u00e7o', 'Vista Panor\u00e2mica', 'G\u00e1s Encanado', 'Quarto/WC Empregada', 'Terra\u00e7o', 'Closet']", "condominio": "['Sistema de Inc\u00eandio', 'Acessibilidade', 'Sal\u00e3o de Festas', 'Quadra Poliesportiva', 'Biciclet\u00e1rio', 'Playground', 'Servi\u00e7o de Transporte no Condom\u00ednio', 'Sauna', 'Porteiro 24 Horas']", "entorno": "['Pr\u00f3ximo a Centro Empresarial', 'Pr\u00f3ximo a Com\u00e9rcio Diversos', 'Pr\u00f3ximo a Academia', 'Pr\u00f3ximo ao Metr\u00f4', 'Pr\u00f3ximo a Escola Particular', 'Pr\u00f3ximo a Escola P\u00fablica', 'Pr\u00f3ximo a Restaurante', 'Pr\u00f3ximo a Praia', 'Pr\u00f3ximo a \u00c1reas de Lazer', 'Pr\u00f3ximo a Servi\u00e7os de Sa\u00fade']"}}, "anuncio": {"tipos": {"publicacao": "Padr\u00e3o", "listagem": "Usado"}, "valores": {"venda": 135000.0, "aluguel": 0.0, "condominio": 300.0, "iptu": 0.0}, "descricao": "Amplo im\u00f3vel para venda com 2 quartos, sendo 0 su\u00edtes, e 1 banheiros no total."}}, {"imovel": {"tipos": {"propriedade": "Apartamento"}, "endereco": {"bairro": "Freguesia (Jacarepaguá)", "localizacao": {"type": "Point", "coordinates": [-43.1721422, -22.7894064]}}, "vagasGaragem": 1, "area": 71, "caracteristicas": {"propriedade": "['Sauna', 'G\u00e1s Encanado', 'Terra\u00e7o', 'Ambientes Integrados', 'Churrasqueira', '\u00c1rea de Servi\u00e7o', 'Piscina', 'Quarto/WC Empregada', 'Arm\u00e1rios Planejados']", "condominio": "['Sal\u00e3o de Festas', 'Biciclet\u00e1rio', 'Academia']", "entorno": "['Pr\u00f3ximo a Academia', 'Pr\u00f3ximo a Mercado', 'Pr\u00f3ximo a Praia', 'Pr\u00f3ximo ao Shopping', 'Pr\u00f3ximo a Centro Empresarial']"}}, "anuncio": {"tipos": {"publicacao": "Destaque", "listagem": "Usado"}, "valores": {"venda": 300000.0, "aluguel": 0.0, "condominio": 370.0, "iptu": 243.0}, "descricao": "Amplo im\u00f3vel para venda com 3 quartos, sendo 0 su\u00edtes, e 1 banheiros no total."}}, {"imovel": {"tipos": {"propriedade": "Apartamento"}, "endereco": {"bairro": "Vargem Pequena", "localizacao": {"type": "Point", "coordinates": [-43.4516177, -22.993534]}}, "vagasGaragem": 0, "area": 0, "caracteristicas": {"propriedade": "[]", "condominio": "['Quadra Poliesportiva', 'Porteiro 24 Horas', 'Dep\u00f3sito Privativo', 'Servi\u00e7o de Transporte no Condom\u00ednio', 'Sal\u00e3o de Jogos', 'Playground', 'Sistema de Inc\u00eandio']", "entorno": "['Pr\u00f3ximo ao Shopping', 'Pr\u00f3ximo a Parques e \u00c1reas Verdes', 'Pr\u00f3ximo a Escola P\u00fablica', 'Pr\u00f3ximo a Centro Empresarial', 'Pr\u00f3ximo a \u00c1reas de Lazer', 'Pr\u00f3ximo a Escola Particular', 'Pr\u00f3ximo a Com\u00e9rcio Diversos', 'Pr\u00f3ximo a Servi\u00e7os de Sa\u00fade', 'Pr\u00f3ximo ao Metr\u00f4', 'Pr\u00f3ximo a Restaurante']"}}, "anuncio": {"tipos": {"publicacao": "Destaque", "listagem": "Usado"}, "valores": {"venda": 0.0, "aluguel": 0.0, "condominio": 0.0, "iptu": 0.0}, "descricao": "Amplo im\u00f3vel para venda com 0 quartos, sendo 0 su\u00edtes, e 1 banheiros no total."}}, {"imovel": {"tipos": {"propriedade": "Apartamento"}, "endereco": {"bairro": "Tijuca", "localizacao": {"type": "Point", "coordinates": [-43.2377311, -22.919436]}}, "vagasGaragem": 2, "area": 136, "caracteristicas": {"propriedade": "['Terra\u00e7o', 'Arm\u00e1rios Planejados', 'Ambientes Integrados']", "condominio": "['Com\u00e9rcio/Servi\u00e7os no Condom\u00ednio', 'Dep\u00f3sito Privativo', 'Estacionamento Visitantes', 'Seguran\u00e7a Interna', 'Sal\u00e3o de Jogos', 'Servi\u00e7o de Transporte no Condom\u00ednio', 'Churrasqueira']", "entorno": "['Pr\u00f3ximo a Restaurante', 'Pr\u00f3ximo a Farm\u00e1cia', 'Pr\u00f3ximo a Mercado', 'Pr\u00f3ximo ao Shopping', 'Pr\u00f3ximo a Com\u00e9rcio Diversos', 'Pr\u00f3ximo a Centro Empresarial', 'Pr\u00f3ximo ao Metr\u00f4', 'Pr\u00f3ximo a Parques e \u00c1reas Verdes']"}}, "anuncio": {"tipos": {"publicacao": "Padr\u00e3o", "listagem": "Usado"}, "valores": {"venda": 1285000.0, "aluguel": 0.0, "condominio": 1300.0, "iptu": 0.0}, "descricao": "Amplo im\u00f3vel para venda com 3 quartos, sendo 1 su\u00edtes, e 2 banheiros no total."}}, {"imovel": {"tipos": {"propriedade": "Casa"}, "endereco": {"bairro": "Recreio dos Bandeirantes", "localizacao": {"type": "Point", "coordinates": [-43.482437, -23.0061018]}}, "vagasGaragem": 2, "area": 168, "caracteristicas": {"propriedade": "['\u00c1rea de Servi\u00e7o', 'Quarto/WC Empregada', 'Closet', 'Terra\u00e7o', 'Mobiliado', 'Arm\u00e1rios Planejados', 'Acessibilidade']", "condominio": "['Servi\u00e7o de Transporte no Condom\u00ednio', 'Elevador', 'Estacionamento Visitantes', 'Com\u00e9rcio/Servi\u00e7os no Condom\u00ednio', 'Piscina', 'Porteiro 24 Horas', 'Academia', 'Sistema de Inc\u00eandio', 'Biciclet\u00e1rio', 'Sal\u00e3o de Festas', 'Aceita Pet', 'Churrasqueira', 'Playground', 'Quadra Poliesportiva', 'Estacionamento Coberto', 'Acessibilidade', 'Sauna', 'Sal\u00e3o de Jogos', 'Seguran\u00e7a Interna']", "entorno": "['Pr\u00f3ximo a Academia', 'Pr\u00f3ximo a Escola Particular']"}}, "anuncio": {"tipos": {"publicacao": "Padr\u00e3o", "listagem": "Lan\u00e7amento"}, "valores": {"venda": 409900.0, "aluguel": 0.0, "condominio": 490.0, "iptu": 0.0}, "descricao": "Amplo im\u00f3vel para venda com 2 quartos, sendo 1 su\u00edtes, e 2 banheiros no total."}}, {"imovel": {"tipos": {"propriedade": "Consult\u00f3rio"}, "endereco": {"bairro": "Recreio dos Bandeirantes", "localizacao": {"type": "Point", "coordinates": [-43.4656992, -23.0226712]}}, "vagasGaragem": 4, "area": 300, "caracteristicas": {"propriedade": "['Cozinha Americana', 'G\u00e1s Encanado', 'Mobiliado', '\u00c1rea de Servi\u00e7o', 'Closet', 'Vista Panor\u00e2mica', 'Quarto/WC Empregada', 'Terra\u00e7o', 'Ambientes Integrados', 'Varanda', 'Churrasqueira']", "condominio": "['Estacionamento Visitantes', 'Elevador', 'Aceita Pet', 'Servi\u00e7o de Transporte no Condom\u00ednio']", "entorno": "['Pr\u00f3ximo ao Metr\u00f4', 'Pr\u00f3ximo a Escola P\u00fablica']"}}, "anuncio": {"tipos": {"publicacao": "Padr\u00e3o", "listagem": "Usado"}, "valores": {"venda": 1600000.0, "aluguel": 0.0, "condominio": 0.0, "iptu": 0.0}, "descricao": "Amplo im\u00f3vel para venda com 4 quartos, sendo 4 su\u00edtes, e 5 banheiros no total."}}, {"imovel": {"tipos": {"propriedade": "Apartamento"}, "endereco": {"bairro": "Pechincha", "localizacao": {"type": "Point", "coordinates": [-49.0607072, -26.9225117]}}, "vagasGaragem": 2, "area": 123, "caracteristicas": {"propriedade": "['\u00c1rea de Servi\u00e7o', 'Ambientes Integrados', 'Vista Panor\u00e2mica', 'Quarto/WC Empregada', 'Terra\u00e7o', 'Varanda', 'Arm\u00e1rios Planejados', 'Piscina', 'Acessibilidade', 'Churrasqueira', 'Cozinha Americana', 'Closet', 'G\u00e1s Encanado']", "condominio": "['Elevador', 'Sal\u00e3o de Festas', 'Quadra Poliesportiva', 'Acessibilidade', 'Biciclet\u00e1rio', 'Sistema de Inc\u00eandio', 'Playground', 'Aceita Pet', 'Estacionamento Visitantes', 'Sal\u00e3o de Jogos', 'Piscina', 'Churrasqueira']", "entorno": "['Pr\u00f3ximo a Escola Particular', 'Pr\u00f3ximo a Mercado', 'Pr\u00f3ximo a Centro Empresarial', 'Pr\u00f3ximo a \u00c1reas de Lazer']"}}, "anuncio": {"tipos": {"publicacao": "Destaque", "listagem": "Usado"}, "valores": {"venda": 505000.0, "aluguel": 0.0, "condominio": 500.0, "iptu": 0.0}, "descricao": "Amplo im\u00f3vel para venda com 3 quartos, sendo 1 su\u00edtes, e 2 banheiros no total."}}, {"imovel": {"tipos": {"propriedade": "Apartamento"}, "endereco": {"bairro": "Copacabana", "localizacao": {"type": "Point", "coordinates": [-43.1874754, -22.9682656]}}, "vagasGaragem": 1, "area": 113, "caracteristicas": {"propriedade": "['G\u00e1s Encanado', 'Cozinha Americana', 'Vista Panor\u00e2mica', 'Quarto/WC Empregada', 'Varanda', '\u00c1rea de Servi\u00e7o', 'Sauna', 'Mobiliado', 'Closet', 'Acessibilidade', 'Piscina']", "condominio": "['Sauna', 'Quadra Poliesportiva', 'Porteiro 24 Horas', 'Elevador', 'Dep\u00f3sito Privativo', 'Academia', 'Piscina']", "entorno": "['Pr\u00f3ximo a Servi\u00e7os de Sa\u00fade', 'Pr\u00f3ximo a Mercado', 'Pr\u00f3ximo a Restaurante', 'Pr\u00f3ximo a Parques e \u00c1reas Verdes']"}}, "anuncio": {"tipos": {"publicacao": "Super Destaque", "listagem": "Usado"}, "valores": {"venda": 1190000.0, "aluguel": 0.0, "condominio": 750.0, "iptu": 1904.0}, "descricao": "Amplo im\u00f3vel para venda com 3 quartos, sendo 0 su\u00edtes, e 1 banheiros no total."}}, {"imovel": {"tipos": {"propriedade": "Apartamento"}, "endereco": {"bairro": "Vargem Pequena", "localizacao": {"type": "Point", "coordinates": [-43.4516177, -22.993534]}}, "vagasGaragem": 0, "area": 0, "caracteristicas": {"propriedade": "['Vista Panor\u00e2mica', 'Quarto/WC Empregada', 'Sauna', 'Arm\u00e1rios Planejados', 'Cozinha Americana', 'Ambientes Integrados', 'Acessibilidade', '\u00c1rea de Servi\u00e7o', 'Piscina', 'Closet', 'Mobiliado', 'G\u00e1s Encanado', 'Churrasqueira']", "condominio": "['Quadra Poliesportiva', 'Biciclet\u00e1rio', 'Playground', 'Estacionamento Coberto', 'Dep\u00f3sito Privativo', 'Com\u00e9rcio/Servi\u00e7os no Condom\u00ednio', 'Servi\u00e7o de Transporte no Condom\u00ednio', 'Estacionamento Visitantes', 'Acessibilidade', 'Elevador', 'Piscina', 'Sauna']", "entorno": "['Pr\u00f3ximo ao Metr\u00f4', 'Pr\u00f3ximo a Academia', 'Pr\u00f3ximo a Mercado', 'Pr\u00f3ximo a Escola Particular']"}}, "anuncio": {"tipos": {"publicacao": "Super Destaque", "listagem": "Usado"}, "valores": {"venda": 0.0, "aluguel": 0.0, "condominio": 0.0, "iptu": 0.0}, "descricao": "Amplo im\u00f3vel para venda com 0 quartos, sendo 0 su\u00edtes, e 1 banheiros no total."}}, {"imovel": {"tipos": {"propriedade": "Casa"}, "endereco": {"bairro": "Freguesia", "localizacao": {"type": "Point", "coordinates": [-43.3273079, -22.9354146]}}, "vagasGaragem": 0, "area": 0, "caracteristicas": {"propriedade": "['Arm\u00e1rios Planejados', 'Piscina', 'Churrasqueira', 'Acessibilidade', '\u00c1rea de Servi\u00e7o', 'Terra\u00e7o', 'Mobiliado', 'Sauna', 'G\u00e1s Encanado', 'Varanda', 'Vista Panor\u00e2mica']", "condominio": "['Piscina', 'Quadra Poliesportiva', 'Playground', 'Estacionamento Coberto', 'Sistema de Inc\u00eandio', 'Elevador', 'Estacionamento Visitantes', 'Sauna', 'Aceita Pet', 'Porteiro 24 Horas', 'Sal\u00e3o de Festas', 'Seguran\u00e7a Interna', 'Sal\u00e3o de Jogos', 'Academia', 'Acessibilidade', 'Biciclet\u00e1rio', 'Servi\u00e7o de Transporte no Condom\u00ednio', 'Com\u00e9rcio/Servi\u00e7os no Condom\u00ednio', 'Churrasqueira', 'Dep\u00f3sito Privativo']", "entorno": "['Pr\u00f3ximo a Parques e \u00c1reas Verdes', 'Pr\u00f3ximo a Academia', 'Pr\u00f3ximo a Servi\u00e7os de Sa\u00fade', 'Pr\u00f3ximo a Farm\u00e1cia', 'Pr\u00f3ximo a Escola P\u00fablica', 'Pr\u00f3ximo a Escola Particular', 'Pr\u00f3ximo a Restaurante', 'Pr\u00f3ximo ao Metr\u00f4', 'Pr\u00f3ximo ao Shopping', 'Pr\u00f3ximo a \u00c1reas de Lazer', 'Pr\u00f3ximo a Com\u00e9rcio Diversos']"}}, "anuncio": {"tipos": {"publicacao": "Destaque", "listagem": "Lan\u00e7amento"}, "valores": {"venda": 0.0, "aluguel": 0.0, "condominio": 0.0, "iptu": 0.0}, "descricao": "Amplo im\u00f3vel para venda com 0 quartos, sendo 0 su\u00edtes, e 0 banheiros no total."}}, {"imovel": {"tipos": {"propriedade": "Apartamento"}, "endereco": {"bairro": "Recreio dos Bandeirantes", "localizacao": {"type": "Point", "coordinates": [-43.4710229, -23.0170387]}}, "vagasGaragem": 2, "area": 112, "caracteristicas": {"propriedade": "[]", "condominio": "['Sal\u00e3o de Jogos', 'Quadra Poliesportiva', 'Elevador', 'Acessibilidade', 'Sistema de Inc\u00eandio', 'Servi\u00e7o de Transporte no Condom\u00ednio', 'Biciclet\u00e1rio', 'Seguran\u00e7a Interna', 'Piscina', 'Churrasqueira', 'Dep\u00f3sito Privativo']", "entorno": "['Pr\u00f3ximo a Praia', 'Pr\u00f3ximo a Academia', 'Pr\u00f3ximo a Centro Empresarial', 'Pr\u00f3ximo a Parques e \u00c1reas Verdes', 'Pr\u00f3ximo a Com\u00e9rcio Diversos', 'Pr\u00f3ximo a Restaurante', 'Pr\u00f3ximo a Mercado', 'Pr\u00f3ximo a \u00c1reas de Lazer', 'Pr\u00f3ximo a Servi\u00e7os de Sa\u00fade', 'Pr\u00f3ximo ao Shopping', 'Pr\u00f3ximo ao Metr\u00f4', 'Pr\u00f3ximo a Escola P\u00fablica', 'Pr\u00f3ximo a Escola Particular']"}}, "anuncio": {"tipos": {"publicacao": "Padr\u00e3o", "listagem": "Usado"}, "valores": {"venda": 500000.0, "aluguel": 0.0, "condominio": 451.0, "iptu": 1500.0}, "descricao": "Amplo im\u00f3vel para venda com 2 quartos, sendo 1 su\u00edtes, e 2 banheiros no total."}}, {"imovel": {"tipos": {"propriedade": "Apartamento"}, "endereco": {"bairro": "Botafogo", "localizacao": {"type": "Point", "coordinates": [-43.190689, -22.9510137]}}, "vagasGaragem": 3, "area": 195, "caracteristicas": {"propriedade": "['Mobiliado', 'Sauna', 'Cozinha Americana', '\u00c1rea de Servi\u00e7o', 'Arm\u00e1rios Planejados', 'Acessibilidade', 'G\u00e1s Encanado', 'Vista Panor\u00e2mica', 'Churrasqueira', 'Terra\u00e7o']", "condominio": "['Sal\u00e3o de Festas', 'Seguran\u00e7a Interna', 'Com\u00e9rcio/Servi\u00e7os no Condom\u00ednio', 'Piscina', 'Sal\u00e3o de Jogos', 'Elevador', 'Acessibilidade', 'Estacionamento Visitantes', 'Aceita Pet', 'Porteiro 24 Horas', 'Estacionamento Coberto', 'Playground', 'Quadra Poliesportiva', 'Churrasqueira', 'Sistema de Inc\u00eandio']", "entorno": "['Pr\u00f3ximo a Parques e \u00c1reas Verdes', 'Pr\u00f3ximo a Com\u00e9rcio Diversos', 'Pr\u00f3ximo ao Metr\u00f4', 'Pr\u00f3ximo a Farm\u00e1cia', 'Pr\u00f3ximo a Restaurante', 'Pr\u00f3ximo a \u00c1reas de Lazer', 'Pr\u00f3ximo a Centro Empresarial', 'Pr\u00f3ximo ao Shopping', 'Pr\u00f3ximo a Praia', 'Pr\u00f3ximo a Academia', 'Pr\u00f3ximo a Mercado']"}}, "anuncio": {"tipos": {"publicacao": "Destaque", "listagem": "Lan\u00e7amento"}, "valores": {"venda": 2582000.0, "aluguel": 0.0, "condominio": 0.0, "iptu": 0.0}, "descricao": "Amplo im\u00f3vel para venda com 3 quartos, sendo 1 su\u00edtes, e 2 banheiros no total."}}, {"imovel": {"tipos": {"propriedade": "Casa"}, "endereco": {"bairro": "Paci\u00eancia", "localizacao": {"type": "Point", "coordinates": [0, 0]}}, "vagasGaragem": 0, "area": 231000, "caracteristicas": {"propriedade": "['Cozinha Americana', 'Varanda', 'Vista Panor\u00e2mica', 'Closet', 'Acessibilidade', 'G\u00e1s Encanado', 'Churrasqueira', '\u00c1rea de Servi\u00e7o', 'Arm\u00e1rios Planejados', 'Sauna']", "condominio": "['Sistema de Inc\u00eandio', 'Academia', 'Sal\u00e3o de Festas', 'Seguran\u00e7a Interna', 'Com\u00e9rcio/Servi\u00e7os no Condom\u00ednio', 'Sauna', 'Servi\u00e7o de Transporte no Condom\u00ednio', 'Dep\u00f3sito Privativo', 'Sal\u00e3o de Jogos', 'Estacionamento Coberto', 'Biciclet\u00e1rio', 'Elevador', 'Playground', 'Churrasqueira', 'Estacionamento Visitantes', 'Porteiro 24 Horas', 'Aceita Pet', 'Piscina', 'Acessibilidade', 'Quadra Poliesportiva']", "entorno": "['Pr\u00f3ximo a \u00c1reas de Lazer', 'Pr\u00f3ximo a Parques e \u00c1reas Verdes', 'Pr\u00f3ximo a Academia', 'Pr\u00f3ximo a Farm\u00e1cia', 'Pr\u00f3ximo a Servi\u00e7os de Sa\u00fade']"}}, "anuncio": {"tipos": {"publicacao": "Padr\u00e3o", "listagem": "Usado"}, "valores": {"venda": 24000000.0, "aluguel": 0.0, "condominio": 0.0, "iptu": 0.0}, "descricao": "Amplo im\u00f3vel para venda com 0 quartos, sendo 0 su\u00edtes, e 1 banheiros no total."}}, {"imovel": {"tipos": {"propriedade": "Casa"}, "endereco": {"bairro": "Ipanema", "localizacao": {"type": "Point", "coordinates": [-43.2052848, -22.9814583]}}, "vagasGaragem": 1, "area": 120, "caracteristicas": {"propriedade": "['Terra\u00e7o', 'Vista Panor\u00e2mica', 'Piscina', 'Acessibilidade', 'Ambientes Integrados', 'Sauna', 'Mobiliado', 'Arm\u00e1rios Planejados', 'Churrasqueira', 'G\u00e1s Encanado']", "condominio": "['Sal\u00e3o de Festas', 'Acessibilidade', 'Quadra Poliesportiva', 'Sal\u00e3o de Jogos', 'Churrasqueira', 'Servi\u00e7o de Transporte no Condom\u00ednio', 'Aceita Pet', 'Biciclet\u00e1rio', 'Seguran\u00e7a Interna', 'Dep\u00f3sito Privativo', 'Academia', 'Elevador', 'Sauna', 'Sistema de Inc\u00eandio', 'Estacionamento Coberto', 'Estacionamento Visitantes']", "entorno": "['Pr\u00f3ximo a Com\u00e9rcio Diversos', 'Pr\u00f3ximo a Farm\u00e1cia', 'Pr\u00f3ximo a Servi\u00e7os de Sa\u00fade', 'Pr\u00f3ximo a Restaurante', 'Pr\u00f3ximo ao Shopping', 'Pr\u00f3ximo a Escola P\u00fablica', 'Pr\u00f3ximo a Escola Particular', 'Pr\u00f3ximo a Mercado', 'Pr\u00f3ximo a Centro Empresarial', 'Pr\u00f3ximo a \u00c1reas de Lazer', 'Pr\u00f3ximo a Academia', 'Pr\u00f3ximo a Praia']"}}, "anuncio": {"tipos": {"publicacao": "Super Destaque", "listagem": "Usado"}, "valores": {"venda": 2500000.0, "aluguel": 0.0, "condominio": 0.0, "iptu": 0.0}, "descricao": "Amplo im\u00f3vel para venda com 1 quartos, sendo 1 su\u00edtes, e 2 banheiros no total."}}, {"imovel": {"tipos": {"propriedade": "Cobertura"}, "endereco": {"bairro": "Vila da Penha", "localizacao": {"type": "Point", "coordinates": [-43.3083014, -22.8334376]}}, "vagasGaragem": 1, "area": 64, "caracteristicas": {"propriedade": "['Cozinha Americana', 'Quarto/WC Empregada', '\u00c1rea de Servi\u00e7o', 'G\u00e1s Encanado', 'Closet', 'Acessibilidade', 'Piscina']", "condominio": "['Porteiro 24 Horas', 'Piscina', 'Estacionamento Visitantes', 'Sal\u00e3o de Jogos', 'Playground']", "entorno": "[]"}}, "anuncio": {"tipos": {"publicacao": "Destaque", "listagem": "Usado"}, "valores": {"venda": 270000.0, "aluguel": 0.0, "condominio": 360.0, "iptu": 0.0}, "descricao": "Amplo im\u00f3vel para venda com 2 quartos, sendo 0 su\u00edtes, e 1 banheiros no total."}}, {"imovel": {"tipos": {"propriedade": "Casa"}, "endereco": {"bairro": "Jacarepagu\u00e1", "localizacao": {"type": "Point", "coordinates": [-43.4152304, -22.9690832]}}, "vagasGaragem": 0, "area": 0, "caracteristicas": {"propriedade": "['\u00c1rea de Servi\u00e7o', 'Terra\u00e7o', 'Piscina', 'Closet', 'G\u00e1s Encanado', 'Quarto/WC Empregada', 'Cozinha Americana']", "condominio": "['Playground', 'Acessibilidade', 'Servi\u00e7o de Transporte no Condom\u00ednio']", "entorno": "['Pr\u00f3ximo ao Metr\u00f4', 'Pr\u00f3ximo a \u00c1reas de Lazer', 'Pr\u00f3ximo a Academia']"}}, "anuncio": {"tipos": {"publicacao": "Padr\u00e3o", "listagem": "Lan\u00e7amento"}, "valores": {"venda": 0.0, "aluguel": 0.0, "condominio": 0.0, "iptu": 0.0}, "descricao": "Amplo im\u00f3vel para venda com 0 quartos, sendo 0 su\u00edtes, e 0 banheiros no total."}}, {"imovel": {"tipos": {"propriedade": "Apartamento"}, "endereco": {"bairro": "Pechincha", "localizacao": {"type": "Point", "coordinates": [-43.3490452, -22.9240714]}}, "vagasGaragem": 3, "area": 348, "caracteristicas": {"propriedade": "['Acessibilidade', 'Churrasqueira', 'Sauna', 'Closet', '\u00c1rea de Servi\u00e7o']", "condominio": "[]", "entorno": "['Pr\u00f3ximo a Escola Particular', 'Pr\u00f3ximo a Servi\u00e7os de Sa\u00fade']"}}, "anuncio": {"tipos": {"publicacao": "Padr\u00e3o", "listagem": "Lan\u00e7amento"}, "valores": {"venda": 1100000.0, "aluguel": 0.0, "condominio": 0.0, "iptu": 1560.0}, "descricao": "Amplo im\u00f3vel para venda com 3 quartos, sendo 1 su\u00edtes, e 2 banheiros no total."}}, {"imovel": {"tipos": {"propriedade": "Casa"}, "endereco": {"bairro": "Copacabana", "localizacao": {"type": "Point", "coordinates": [-43.1889208, -22.9751691]}}, "vagasGaragem": 0, "area": 240, "caracteristicas": {"propriedade": "['Sauna', 'Vista Panor\u00e2mica', 'Terra\u00e7o', 'Mobiliado', 'Piscina', 'Closet', 'Cozinha Americana', 'Acessibilidade', 'Varanda', '\u00c1rea de Servi\u00e7o', 'G\u00e1s Encanado', 'Quarto/WC Empregada', 'Ambientes Integrados', 'Churrasqueira', 'Arm\u00e1rios Planejados']", "condominio": "['Dep\u00f3sito Privativo', 'Elevador', 'Quadra Poliesportiva', 'Estacionamento Coberto', 'Aceita Pet']", "entorno": "['Pr\u00f3ximo a Restaurante', 'Pr\u00f3ximo ao Metr\u00f4', 'Pr\u00f3ximo a Escola P\u00fablica', 'Pr\u00f3ximo a Servi\u00e7os de Sa\u00fade', 'Pr\u00f3ximo a Parques e \u00c1reas Verdes', 'Pr\u00f3ximo a Farm\u00e1cia', 'Pr\u00f3ximo a Academia', 'Pr\u00f3ximo a Praia', 'Pr\u00f3ximo a Escola Particular', 'Pr\u00f3ximo a Com\u00e9rcio Diversos', 'Pr\u00f3ximo a \u00c1reas de Lazer', 'Pr\u00f3ximo a Centro Empresarial']"}}, "anuncio": {"tipos": {"publicacao": "Premium", "listagem": "Lan\u00e7amento"}, "valores": {"venda": 2730000.0, "aluguel": 0.0, "condominio": 1900.0, "iptu": 1700.0}, "descricao": "Amplo im\u00f3vel para venda com 3 quartos, sendo 0 su\u00edtes, e 0 banheiros no total."}}, {"imovel": {"tipos": {"propriedade": "Casa"}, "endereco": {"bairro": "Laranjeiras", "localizacao": {"type": "Point", "coordinates": [-43.1919165, -22.9358772]}}, "vagasGaragem": 2, "area": 85, "caracteristicas": {"propriedade": "['G\u00e1s Encanado', 'Mobiliado', 'Cozinha Americana']", "condominio": "['Com\u00e9rcio/Servi\u00e7os no Condom\u00ednio', 'Dep\u00f3sito Privativo', 'Acessibilidade', 'Sal\u00e3o de Festas', 'Biciclet\u00e1rio', 'Sal\u00e3o de Jogos', 'Playground', 'Academia', 'Estacionamento Visitantes', 'Seguran\u00e7a Interna', 'Churrasqueira']", "entorno": "['Pr\u00f3ximo a Servi\u00e7os de Sa\u00fade', 'Pr\u00f3ximo a Centro Empresarial', 'Pr\u00f3ximo a \u00c1reas de Lazer', 'Pr\u00f3ximo a Escola Particular', 'Pr\u00f3ximo ao Metr\u00f4', 'Pr\u00f3ximo a Com\u00e9rcio Diversos', 'Pr\u00f3ximo a Escola P\u00fablica', 'Pr\u00f3ximo a Academia']"}}, "anuncio": {"tipos": {"publicacao": "Premium", "listagem": "Usado"}, "valores": {"venda": 1260000.0, "aluguel": 0.0, "condominio": 890.0, "iptu": 1009.0}, "descricao": "Amplo im\u00f3vel para venda com 2 quartos, sendo 1 su\u00edtes, e 2 banheiros no total."}}, {"imovel": {"tipos": {"propriedade": "Apartamento"}, "endereco": {"bairro": "Ribeira", "localizacao": {"type": "Point", "coordinates": [-43.1710835, -22.8237953]}}, "vagasGaragem": 1, "area": 58, "caracteristicas": {"propriedade": "['\u00c1rea de Servi\u00e7o', 'G\u00e1s Encanado', 'Cozinha Americana', 'Quarto/WC Empregada', 'Sauna', 'Piscina', 'Terra\u00e7o', 'Arm\u00e1rios Planejados', 'Acessibilidade']", "condominio": "['Acessibilidade', 'Aceita Pet', 'Quadra Poliesportiva', 'Academia', 'Sauna', 'Com\u00e9rcio/Servi\u00e7os no Condom\u00ednio', 'Sal\u00e3o de Jogos', 'Estacionamento Visitantes', 'Piscina', 'Servi\u00e7o de Transporte no Condom\u00ednio', 'Elevador', 'Estacionamento Coberto', 'Playground', 'Porteiro 24 Horas', 'Sistema de Inc\u00eandio', 'Churrasqueira', 'Sal\u00e3o de Festas', 'Seguran\u00e7a Interna', 'Biciclet\u00e1rio']", "entorno": "['Pr\u00f3ximo a Servi\u00e7os de Sa\u00fade']"}}, "anuncio": {"tipos": {"publicacao": "Super Destaque", "listagem": "Usado"}, "valores": {"venda": 470000.0, "aluguel": 0.0, "condominio": 350.0, "iptu": 300.0}, "descricao": "Amplo im\u00f3vel para venda com 2 quartos, sendo 0 su\u00edtes, e 1 banheiros no total."}}, {"imovel": {"tipos": {"propriedade": "Im\u00f3vel Comercial"}, "endereco": {"bairro": "Barra da Tijuca", "localizacao": {"type": "Point", "coordinates": [-43.3752545, -23.0031345]}}, "vagasGaragem": 9, "area": 950, "caracteristicas": {"propriedade": "['Acessibilidade', 'Cozinha Americana', 'Varanda', 'G\u00e1s Encanado', 'Closet']", "condominio": "['Biciclet\u00e1rio', 'Quadra Poliesportiva']", "entorno": "['Pr\u00f3ximo a \u00c1reas de Lazer', 'Pr\u00f3ximo a Restaurante', 'Pr\u00f3ximo a Farm\u00e1cia', 'Pr\u00f3ximo a Escola Particular', 'Pr\u00f3ximo a Parques e \u00c1reas Verdes', 'Pr\u00f3ximo a Centro Empresarial', 'Pr\u00f3ximo a Com\u00e9rcio Diversos', 'Pr\u00f3ximo a Servi\u00e7os de Sa\u00fade', 'Pr\u00f3ximo a Praia', 'Pr\u00f3ximo a Academia', 'Pr\u00f3ximo ao Metr\u00f4']"}}, "anuncio": {"tipos": {"publicacao": "Padr\u00e3o", "listagem": "Usado"}, "valores": {"venda": 6900000.0, "aluguel": 0.0, "condominio": 1000.0, "iptu": 1800.0}, "descricao": "Amplo im\u00f3vel para venda com 6 quartos, sendo 5 su\u00edtes, e 6 banheiros no total."}}, {"imovel": {"tipos": {"propriedade": "Casa"}, "endereco": {"bairro": "Jacarepagu\u00e1", "localizacao": {"type": "Point", "coordinates": [0, 0]}}, "vagasGaragem": 1, "area": 50, "caracteristicas": {"propriedade": "['Sauna', 'Piscina', 'Closet', 'Varanda', 'Acessibilidade', 'Arm\u00e1rios Planejados', 'Mobiliado']", "condominio": "['Quadra Poliesportiva', 'Com\u00e9rcio/Servi\u00e7os no Condom\u00ednio', 'Servi\u00e7o de Transporte no Condom\u00ednio', 'Sal\u00e3o de Festas', 'Playground', 'Estacionamento Coberto', 'Aceita Pet', 'Academia']", "entorno": "['Pr\u00f3ximo ao Shopping', 'Pr\u00f3ximo a Escola Particular', 'Pr\u00f3ximo a Com\u00e9rcio Diversos', 'Pr\u00f3ximo a Restaurante', 'Pr\u00f3ximo a Escola P\u00fablica', 'Pr\u00f3ximo a Mercado', 'Pr\u00f3ximo a Praia', 'Pr\u00f3ximo a Academia']"}}, "anuncio": {"tipos": {"publicacao": "Padr\u00e3o", "listagem": "Usado"}, "valores": {"venda": 244000.0, "aluguel": 0.0, "condominio": 450.0, "iptu": 330.0}, "descricao": "Amplo im\u00f3vel para venda com 2 quartos, sendo 0 su\u00edtes, e 1 banheiros no total."}}, {"imovel": {"tipos": {"propriedade": "Apartamento"}, "endereco": {"bairro": "Botafogo", "localizacao": {"type": "Point", "coordinates": [-43.187335, -22.9564526]}}, "vagasGaragem": 0, "area": 0, "caracteristicas": {"propriedade": "['Mobiliado', 'Vista Panor\u00e2mica']", "condominio": "['Com\u00e9rcio/Servi\u00e7os no Condom\u00ednio', 'Playground', 'Dep\u00f3sito Privativo', 'Sauna', 'Servi\u00e7o de Transporte no Condom\u00ednio', 'Churrasqueira', 'Quadra Poliesportiva', 'Seguran\u00e7a Interna', 'Piscina', 'Aceita Pet', 'Porteiro 24 Horas', 'Elevador', 'Biciclet\u00e1rio', 'Sistema de Inc\u00eandio', 'Sal\u00e3o de Festas', 'Academia', 'Estacionamento Coberto', 'Acessibilidade', 'Sal\u00e3o de Jogos', 'Estacionamento Visitantes']", "entorno": "[]"}}, "anuncio": {"tipos": {"publicacao": "Padr\u00e3o", "listagem": "Usado"}, "valores": {"venda": 1890000.0, "aluguel": 0.0, "condominio": 0.0, "iptu": 0.0}, "descricao": "Amplo im\u00f3vel para venda com 0 quartos, sendo 0 su\u00edtes, e 1 banheiros no total."}}, {"imovel": {"tipos": {"propriedade": "Apartamento"}, "endereco": {"bairro": "Copacabana", "localizacao": {"type": "Point", "coordinates": [0, 0]}}, "vagasGaragem": 0, "area": 70, "caracteristicas": {"propriedade": "[]", "condominio": "[]", "entorno": "['Pr\u00f3ximo a Servi\u00e7os de Sa\u00fade', 'Pr\u00f3ximo a Parques e \u00c1reas Verdes', 'Pr\u00f3ximo a Escola Particular', 'Pr\u00f3ximo a Praia', 'Pr\u00f3ximo a Com\u00e9rcio Diversos', 'Pr\u00f3ximo a Escola P\u00fablica', 'Pr\u00f3ximo a Restaurante', 'Pr\u00f3ximo ao Metr\u00f4', 'Pr\u00f3ximo a Farm\u00e1cia', 'Pr\u00f3ximo a Academia', 'Pr\u00f3ximo a Mercado', 'Pr\u00f3ximo a \u00c1reas de Lazer', 'Pr\u00f3ximo ao Shopping']"}}, "anuncio": {"tipos": {"publicacao": "Padr\u00e3o", "listagem": "Usado"}, "valores": {"venda": 735000.0, "aluguel": 0.0, "condominio": 800.0, "iptu": 700.0}, "descricao": "Amplo im\u00f3vel para venda com 2 quartos, sendo 0 su\u00edtes, e 1 banheiros no total."}}, {"imovel": {"tipos": {"propriedade": "Casa"}, "endereco": {"bairro": "Botafogo", "localizacao": {"type": "Point", "coordinates": [-43.1816275, -22.9443828]}}, "vagasGaragem": 2, "area": 199, "caracteristicas": {"propriedade": "['Cozinha Americana', 'Vista Panor\u00e2mica', 'G\u00e1s Encanado', 'Terra\u00e7o', 'Acessibilidade', 'Ambientes Integrados', 'Sauna', 'Piscina', 'Churrasqueira', 'Mobiliado', 'Varanda', 'Quarto/WC Empregada']", "condominio": "['Porteiro 24 Horas', 'Playground', 'Seguran\u00e7a Interna', 'Academia', 'Dep\u00f3sito Privativo', 'Estacionamento Coberto']", "entorno": "['Pr\u00f3ximo ao Metr\u00f4', 'Pr\u00f3ximo a Escola Particular', 'Pr\u00f3ximo a \u00c1reas de Lazer', 'Pr\u00f3ximo ao Shopping', 'Pr\u00f3ximo a Escola P\u00fablica', 'Pr\u00f3ximo a Centro Empresarial', 'Pr\u00f3ximo a Parques e \u00c1reas Verdes', 'Pr\u00f3ximo a Servi\u00e7os de Sa\u00fade', 'Pr\u00f3ximo a Restaurante', 'Pr\u00f3ximo a Academia', 'Pr\u00f3ximo a Farm\u00e1cia', 'Pr\u00f3ximo a Mercado', 'Pr\u00f3ximo a Praia', 'Pr\u00f3ximo a Com\u00e9rcio Diversos']"}}, "anuncio": {"tipos": {"publicacao": "Super Destaque", "listagem": "Usado"}, "valores": {"venda": 2190000.0, "aluguel": 0.0, "condominio": 2050.0, "iptu": 397.0}, "descricao": "Amplo im\u00f3vel para venda com 4 quartos, sendo 1 su\u00edtes, e 2 banheiros no total."}}, {"imovel": {"tipos": {"propriedade": "Apartamento"}, "endereco": {"bairro": "Lapa", "localizacao": {"type": "Point", "coordinates": [-43.1825899, -22.9144053]}}, "vagasGaragem": 2, "area": 170, "caracteristicas": {"propriedade": "['Mobiliado', 'Varanda', 'Cozinha Americana', 'Arm\u00e1rios Planejados', 'Closet', 'G\u00e1s Encanado', 'Ambientes Integrados', 'Vista Panor\u00e2mica', 'Terra\u00e7o', 'Acessibilidade', 'Quarto/WC Empregada', '\u00c1rea de Servi\u00e7o', 'Piscina', 'Churrasqueira']", "condominio": "['Elevador', 'Biciclet\u00e1rio', 'Porteiro 24 Horas', 'Sal\u00e3o de Jogos', 'Churrasqueira', 'Playground', 'Acessibilidade', 'Academia', 'Aceita Pet', 'Servi\u00e7o de Transporte no Condom\u00ednio', 'Com\u00e9rcio/Servi\u00e7os no Condom\u00ednio', 'Piscina', 'Estacionamento Visitantes', 'Quadra Poliesportiva', 'Sauna', 'Estacionamento Coberto']", "entorno": "['Pr\u00f3ximo a Servi\u00e7os de Sa\u00fade', 'Pr\u00f3ximo a Escola Particular', 'Pr\u00f3ximo a Parques e \u00c1reas Verdes']"}}, "anuncio": {"tipos": {"publicacao": "Destaque", "listagem": "Lan\u00e7amento"}, "valores": {"venda": 690000.0, "aluguel": 0.0, "condominio": 480.0, "iptu": 0.0}, "descricao": "Amplo im\u00f3vel para venda com 2 quartos, sendo 1 su\u00edtes, e 2 banheiros no total."}}, {"imovel": {"tipos": {"propriedade": "Cobertura"}, "endereco": {"bairro": "Copacabana", "localizacao": {"type": "Point", "coordinates": [-43.1888153, -22.9778673]}}, "vagasGaragem": 2, "area": 250, "caracteristicas": {"propriedade": "['Ambientes Integrados', 'Sauna', 'Piscina', 'Vista Panor\u00e2mica', 'Closet', '\u00c1rea de Servi\u00e7o', 'Varanda', 'Cozinha Americana', 'G\u00e1s Encanado', 'Churrasqueira', 'Mobiliado', 'Arm\u00e1rios Planejados', 'Acessibilidade', 'Terra\u00e7o', 'Quarto/WC Empregada']", "condominio": "['Estacionamento Visitantes', 'Estacionamento Coberto', 'Biciclet\u00e1rio', 'Piscina', 'Quadra Poliesportiva', 'Sauna', 'Seguran\u00e7a Interna', 'Dep\u00f3sito Privativo', 'Servi\u00e7o de Transporte no Condom\u00ednio', 'Elevador', 'Sal\u00e3o de Jogos', 'Aceita Pet', 'Porteiro 24 Horas', 'Playground', 'Sistema de Inc\u00eandio', 'Churrasqueira', 'Academia', 'Acessibilidade', 'Sal\u00e3o de Festas', 'Com\u00e9rcio/Servi\u00e7os no Condom\u00ednio']", "entorno": "['Pr\u00f3ximo a Servi\u00e7os de Sa\u00fade', 'Pr\u00f3ximo a Academia', 'Pr\u00f3ximo a Restaurante', 'Pr\u00f3ximo a Praia', 'Pr\u00f3ximo a Parques e \u00c1reas Verdes', 'Pr\u00f3ximo a Centro Empresarial', 'Pr\u00f3ximo a Farm\u00e1cia', 'Pr\u00f3ximo a Mercado']"}}, "anuncio": {"tipos": {"publicacao": "Destaque", "listagem": "Lan\u00e7amento"}, "valores": {"venda": 3000000.0, "aluguel": 0.0, "condominio": 1800.0, "iptu": 500.0}, "descricao": "Amplo im\u00f3vel para venda com 3 quartos, sendo 1 su\u00edtes, e 2 banheiros no total."}}, {"imovel": {"tipos": {"propriedade": "Apartamento"}, "endereco": {"bairro": "Rocha", "localizacao": {"type": "Point", "coordinates": [-43.2499016, -22.9017852]}}, "vagasGaragem": 0, "area": 67, "caracteristicas": {"propriedade": "['Acessibilidade', 'G\u00e1s Encanado', '\u00c1rea de Servi\u00e7o', 'Closet', 'Quarto/WC Empregada', 'Sauna', 'Arm\u00e1rios Planejados', 'Vista Panor\u00e2mica', 'Cozinha Americana']", "condominio": "['Seguran\u00e7a Interna', 'Dep\u00f3sito Privativo', 'Academia', 'Sistema de Inc\u00eandio', 'Elevador']", "entorno": "['Pr\u00f3ximo a Com\u00e9rcio Diversos', 'Pr\u00f3ximo a Escola Particular', 'Pr\u00f3ximo a Academia', 'Pr\u00f3ximo a Praia', 'Pr\u00f3ximo a Farm\u00e1cia', 'Pr\u00f3ximo a Mercado', 'Pr\u00f3ximo a Parques e \u00c1reas Verdes', 'Pr\u00f3ximo a Servi\u00e7os de Sa\u00fade']"}}, "anuncio": {"tipos": {"publicacao": "Super Destaque", "listagem": "Usado"}, "valores": {"venda": 320000.0, "aluguel": 0.0, "condominio": 0.0, "iptu": 135.0}, "descricao": "Amplo im\u00f3vel para venda com 2 quartos, sendo 0 su\u00edtes, e 1 banheiros no total."}}, {"imovel": {"tipos": {"propriedade": "Casa"}, "endereco": {"bairro": "Barra da Tijuca", "localizacao": {"type": "Point", "coordinates": [-43.3413206, -22.99961]}}, "vagasGaragem": 0, "area": 370, "caracteristicas": {"propriedade": "['Acessibilidade', 'Quarto/WC Empregada', 'Arm\u00e1rios Planejados', '\u00c1rea de Servi\u00e7o', 'Ambientes Integrados', 'Varanda', 'Sauna']", "condominio": "['Churrasqueira', 'Dep\u00f3sito Privativo', 'Quadra Poliesportiva', 'Com\u00e9rcio/Servi\u00e7os no Condom\u00ednio', 'Estacionamento Coberto', 'Acessibilidade', 'Seguran\u00e7a Interna', 'Sauna', 'Piscina', 'Elevador', 'Biciclet\u00e1rio', 'Sal\u00e3o de Jogos', 'Sistema de Inc\u00eandio', 'Academia', 'Estacionamento Visitantes', 'Playground', 'Servi\u00e7o de Transporte no Condom\u00ednio', 'Sal\u00e3o de Festas']", "entorno": "['Pr\u00f3ximo a Restaurante', 'Pr\u00f3ximo a Com\u00e9rcio Diversos', 'Pr\u00f3ximo a Academia', 'Pr\u00f3ximo a Servi\u00e7os de Sa\u00fade', 'Pr\u00f3ximo ao Shopping']"}}, "anuncio": {"tipos": {"publicacao": "Super Destaque", "listagem": "Usado"}, "valores": {"venda": 3200000.0, "aluguel": 0.0, "condominio": 2520.0, "iptu": 7600.0}, "descricao": "Amplo im\u00f3vel para venda com 4 quartos, sendo 1 su\u00edtes, e 2 banheiros no total."}}, {"imovel": {"tipos": {"propriedade": "Casa"}, "endereco": {"bairro": "Copacabana", "localizacao": {"type": "Point", "coordinates": [-43.1918012, -22.9756286]}}, "vagasGaragem": 0, "area": 30, "caracteristicas": {"propriedade": "['Cozinha Americana', 'Mobiliado', 'Sauna', 'Piscina', 'Varanda', 'Vista Panor\u00e2mica', 'Ambientes Integrados', 'Churrasqueira', 'Acessibilidade', 'Terra\u00e7o']", "condominio": "['Estacionamento Coberto', 'Quadra Poliesportiva', 'Aceita Pet', 'Porteiro 24 Horas', 'Dep\u00f3sito Privativo', 'Servi\u00e7o de Transporte no Condom\u00ednio', 'Sal\u00e3o de Festas', 'Acessibilidade', 'Estacionamento Visitantes', 'Playground', 'Sal\u00e3o de Jogos']", "entorno": "['Pr\u00f3ximo ao Shopping', 'Pr\u00f3ximo a Mercado', 'Pr\u00f3ximo a Restaurante']"}}, "anuncio": {"tipos": {"publicacao": "Padr\u00e3o", "listagem": "Usado"}, "valores": {"venda": 650000.0, "aluguel": 0.0, "condominio": 0.0, "iptu": 0.0}, "descricao": "Amplo im\u00f3vel para venda com 1 quartos, sendo 0 su\u00edtes, e 1 banheiros no total."}}, {"imovel": {"tipos": {"propriedade": "Casa"}, "endereco": {"bairro": "Flamengo", "localizacao": {"type": "Point", "coordinates": [-43.1758048, -22.9339568]}}, "vagasGaragem": 0, "area": 46, "caracteristicas": {"propriedade": "['Varanda', 'Closet', 'Arm\u00e1rios Planejados', 'Piscina', 'Ambientes Integrados', 'Mobiliado', '\u00c1rea de Servi\u00e7o', 'Acessibilidade', 'Churrasqueira', 'Cozinha Americana', 'Terra\u00e7o']", "condominio": "['Servi\u00e7o de Transporte no Condom\u00ednio', 'Biciclet\u00e1rio', 'Sauna', 'Com\u00e9rcio/Servi\u00e7os no Condom\u00ednio', 'Estacionamento Visitantes', 'Acessibilidade', 'Elevador', 'Churrasqueira', 'Dep\u00f3sito Privativo', 'Academia', 'Playground', 'Seguran\u00e7a Interna', 'Quadra Poliesportiva', 'Sistema de Inc\u00eandio']", "entorno": "[]"}}, "anuncio": {"tipos": {"publicacao": "Padr\u00e3o", "listagem": "Usado"}, "valores": {"venda": 510000.0, "aluguel": 0.0, "condominio": 535.0, "iptu": 724.0}, "descricao": "Amplo im\u00f3vel para venda com 1 quartos, sendo 0 su\u00edtes, e 1 banheiros no total."}}]}}, "highlights": { "output": {"listings": [{"imovel": {"tipos": {"propriedade": "Casa"}, "endereco": {"bairro": "Engenho Novo", "localizacao": {"type": "Point", "coordinates": [-43.2634918, -22.8971768]}}, "vagasGaragem": 0, "area": 0, "caracteristicas": {"propriedade": "['Sauna', 'Terra\u00e7o', 'Acessibilidade', 'Mobiliado', 'Vista Panor\u00e2mica', 'Churrasqueira', 'Ambientes Integrados', 'Piscina']", "condominio": "['Estacionamento Coberto', 'Estacionamento Visitantes', 'Sistema de Inc\u00eandio', 'Piscina', 'Seguran\u00e7a Interna', 'Porteiro 24 Horas', 'Dep\u00f3sito Privativo', 'Sal\u00e3o de Festas', 'Churrasqueira', 'Sauna', 'Quadra Poliesportiva']", "entorno": "['Pr\u00f3ximo a Servi\u00e7os de Sa\u00fade', 'Pr\u00f3ximo ao Shopping', 'Pr\u00f3ximo a Farm\u00e1cia', 'Pr\u00f3ximo a Parques e \u00c1reas Verdes', 'Pr\u00f3ximo ao Metr\u00f4', 'Pr\u00f3ximo a Com\u00e9rcio Diversos', 'Pr\u00f3ximo a Restaurante', 'Pr\u00f3ximo a \u00c1reas de Lazer', 'Pr\u00f3ximo a Praia', 'Pr\u00f3ximo a Centro Empresarial', 'Pr\u00f3ximo a Escola Particular', 'Pr\u00f3ximo a Academia', 'Pr\u00f3ximo a Escola P\u00fablica']"}}, "anuncio": {"tipos": {"publicacao": "Padr\u00e3o", "listagem": "Usado"}, "valores": {"venda": 195772.0, "aluguel": 0.0, "condominio": 0.0, "iptu": 0.0}, "descricao": "Amplo im\u00f3vel para venda com 0 quartos, sendo 0 su\u00edtes, e 1 banheiros no total."}}, {"imovel": {"tipos": {"propriedade": "Cobertura"}, "endereco": {"bairro": "Vargem Grande", "localizacao": {"type": "Point", "coordinates": [-43.4907917, -22.988122]}}, "vagasGaragem": 1, "area": 61, "caracteristicas": {"propriedade": "[]", "condominio": "['Estacionamento Visitantes', 'Estacionamento Coberto', 'Acessibilidade', 'Com\u00e9rcio/Servi\u00e7os no Condom\u00ednio', 'Sal\u00e3o de Festas', 'Aceita Pet', 'Dep\u00f3sito Privativo', 'Quadra Poliesportiva', 'Servi\u00e7o de Transporte no Condom\u00ednio', 'Elevador', 'Playground', 'Sauna', 'Academia']", "entorno": "['Pr\u00f3ximo ao Metr\u00f4', 'Pr\u00f3ximo a Praia', 'Pr\u00f3ximo a Escola P\u00fablica', 'Pr\u00f3ximo a Com\u00e9rcio Diversos', 'Pr\u00f3ximo a Restaurante']"}}, "anuncio": {"tipos": {"publicacao": "Destaque", "listagem": "Usado"}, "valores": {"venda": 305000.0, "aluguel": 0.0, "condominio": 667.0, "iptu": 162.0}, "descricao": "Amplo im\u00f3vel para venda com 2 quartos, sendo 0 su\u00edtes, e 1 banheiros no total."}}, {"imovel": {"tipos": {"propriedade": "Im\u00f3vel Comercial"}, "endereco": {"bairro": "Ribeira", "localizacao": {"type": "Point", "coordinates": [-43.1690005, -22.8239272]}}, "vagasGaragem": 4, "area": 180, "caracteristicas": {"propriedade": "['Vista Panor\u00e2mica', 'Acessibilidade', '\u00c1rea de Servi\u00e7o', 'Closet', 'Cozinha Americana', 'Ambientes Integrados']", "condominio": "['Seguran\u00e7a Interna', 'Sal\u00e3o de Festas', 'Academia', 'Elevador', 'Com\u00e9rcio/Servi\u00e7os no Condom\u00ednio', 'Sistema de Inc\u00eandio', 'Estacionamento Coberto', 'Churrasqueira', 'Sal\u00e3o de Jogos', 'Sauna', 'Playground', 'Piscina', 'Dep\u00f3sito Privativo', 'Servi\u00e7o de Transporte no Condom\u00ednio', 'Biciclet\u00e1rio']", "entorno": "['Pr\u00f3ximo a Restaurante', 'Pr\u00f3ximo a Praia', 'Pr\u00f3ximo a Escola P\u00fablica', 'Pr\u00f3ximo a Farm\u00e1cia', 'Pr\u00f3ximo a Escola Particular', 'Pr\u00f3ximo a Com\u00e9rcio Diversos']"}}, "anuncio": {"tipos": {"publicacao": "Padr\u00e3o", "listagem": "Usado"}, "valores": {"venda": 1050000.0, "aluguel": 0.0, "condominio": 0.0, "iptu": 315.0}, "descricao": "Amplo im\u00f3vel para venda com 3 quartos, sendo 1 su\u00edtes, e 2 banheiros no total."}}, {"imovel": {"tipos": {"propriedade": "Apartamento"}, "endereco": {"bairro": "Pra\u00e7a Seca", "localizacao": {"type": "Point", "coordinates": [0, 0]}}, "vagasGaragem": 1, "area": 50, "caracteristicas": {"propriedade": "['Sauna', 'Quarto/WC Empregada']", "condominio": "['Sal\u00e3o de Jogos', 'Seguran\u00e7a Interna', 'Estacionamento Coberto', 'Servi\u00e7o de Transporte no Condom\u00ednio']", "entorno": "['Pr\u00f3ximo ao Shopping', 'Pr\u00f3ximo a Escola Particular', 'Pr\u00f3ximo a Escola P\u00fablica', 'Pr\u00f3ximo a Mercado']"}}, "anuncio": {"tipos": {"publicacao": "Padr\u00e3o", "listagem": "Usado"}, "valores": {"venda": 250000.0, "aluguel": 0.0, "condominio": 350.0, "iptu": 150.0}, "descricao": "Amplo im\u00f3vel para venda com 2 quartos, sendo 0 su\u00edtes, e 1 banheiros no total."}}, {"imovel": {"tipos": {"propriedade": "Apartamento"}, "endereco": {"bairro": "Hon\u00f3rio Gurgel", "localizacao": {"type": "Point", "coordinates": [-43.3614243, -22.8416031]}}, "vagasGaragem": 0, "area": 148, "caracteristicas": {"propriedade": "['Terra\u00e7o', 'Piscina', 'G\u00e1s Encanado', 'Acessibilidade', 'Churrasqueira', 'Arm\u00e1rios Planejados', 'Mobiliado', 'Closet', 'Ambientes Integrados', '\u00c1rea de Servi\u00e7o', 'Sauna', 'Cozinha Americana']", "condominio": "['Sauna', 'Biciclet\u00e1rio', 'Academia', 'Servi\u00e7o de Transporte no Condom\u00ednio', 'Sal\u00e3o de Festas', 'Porteiro 24 Horas', 'Elevador', 'Dep\u00f3sito Privativo', 'Sal\u00e3o de Jogos']", "entorno": "['Pr\u00f3ximo a Servi\u00e7os de Sa\u00fade', 'Pr\u00f3ximo a Farm\u00e1cia', 'Pr\u00f3ximo ao Metr\u00f4']"}}, "anuncio": {"tipos": {"publicacao": "Destaque", "listagem": "Lan\u00e7amento"}, "valores": {"venda": 165000.0, "aluguel": 0.0, "condominio": 270.0, "iptu": 0.0}, "descricao": "Amplo im\u00f3vel para venda com 2 quartos, sendo 0 su\u00edtes, e 0 banheiros no total."}}, {"imovel": {"tipos": {"propriedade": "Apartamento"}, "endereco": {"bairro": "Barra da Tijuca", "localizacao": {"type": "Point", "coordinates": [-43.3245375, -23.006984]}}, "vagasGaragem": 1, "area": 79, "caracteristicas": {"propriedade": "['Terra\u00e7o', 'Acessibilidade', 'Arm\u00e1rios Planejados', 'Ambientes Integrados', 'Mobiliado', 'Sauna', 'Quarto/WC Empregada', 'Churrasqueira']", "condominio": "['Sal\u00e3o de Festas', 'Estacionamento Visitantes', 'Dep\u00f3sito Privativo', 'Sistema de Inc\u00eandio', 'Sal\u00e3o de Jogos', 'Acessibilidade', 'Quadra Poliesportiva', 'Biciclet\u00e1rio', 'Servi\u00e7o de Transporte no Condom\u00ednio', 'Academia', 'Sauna', 'Elevador', 'Playground', 'Churrasqueira', 'Seguran\u00e7a Interna', 'Estacionamento Coberto', 'Porteiro 24 Horas']", "entorno": "['Pr\u00f3ximo a Mercado', 'Pr\u00f3ximo a Parques e \u00c1reas Verdes', 'Pr\u00f3ximo a Com\u00e9rcio Diversos', 'Pr\u00f3ximo a Escola Particular']"}}, "anuncio": {"tipos": {"publicacao": "Premium", "listagem": "Usado"}, "valores": {"venda": 900000.0, "aluguel": 0.0, "condominio": 1400.0, "iptu": 180.0}, "descricao": "Amplo im\u00f3vel para venda com 3 quartos, sendo 1 su\u00edtes, e 2 banheiros no total."}}, {"imovel": {"tipos": {"propriedade": "Consult\u00f3rio"}, "endereco": {"bairro": "Tijuca", "localizacao": {"type": "Point", "coordinates": [-43.2558939, -22.9444082]}}, "vagasGaragem": 1, "area": 126, "caracteristicas": {"propriedade": "['Arm\u00e1rios Planejados', 'Closet', 'G\u00e1s Encanado', 'Varanda']", "condominio": "['Biciclet\u00e1rio', 'Sal\u00e3o de Jogos', 'Seguran\u00e7a Interna', 'Sauna', 'Elevador', 'Piscina', 'Churrasqueira', 'Estacionamento Coberto', 'Aceita Pet', 'Porteiro 24 Horas', 'Com\u00e9rcio/Servi\u00e7os no Condom\u00ednio', 'Sistema de Inc\u00eandio', 'Servi\u00e7o de Transporte no Condom\u00ednio', 'Playground', 'Acessibilidade', 'Sal\u00e3o de Festas', 'Quadra Poliesportiva']", "entorno": "['Pr\u00f3ximo a Praia', 'Pr\u00f3ximo a Servi\u00e7os de Sa\u00fade', 'Pr\u00f3ximo a Parques e \u00c1reas Verdes', 'Pr\u00f3ximo a Mercado']"}}, "anuncio": {"tipos": {"publicacao": "Padr\u00e3o", "listagem": "Usado"}, "valores": {"venda": 630000.0, "aluguel": 0.0, "condominio": 0.0, "iptu": 1500.0}, "descricao": "Amplo im\u00f3vel para venda com 2 quartos, sendo 2 su\u00edtes, e 3 banheiros no total."}}, {"imovel": {"tipos": {"propriedade": "Apartamento"}, "endereco": {"bairro": "Recreio dos Bandeirantes", "localizacao": {"type": "Point", "coordinates": [-43.480981, -23.0160348]}}, "vagasGaragem": 1, "area": 126, "caracteristicas": {"propriedade": "['Sauna', 'Cozinha Americana', 'Terra\u00e7o', 'G\u00e1s Encanado', 'Acessibilidade', 'Mobiliado', 'Quarto/WC Empregada']", "condominio": "['Estacionamento Visitantes', 'Sal\u00e3o de Festas', 'Sistema de Inc\u00eandio', 'Piscina', 'Porteiro 24 Horas', 'Churrasqueira', 'Com\u00e9rcio/Servi\u00e7os no Condom\u00ednio', 'Elevador', 'Acessibilidade', 'Aceita Pet', 'Seguran\u00e7a Interna', 'Servi\u00e7o de Transporte no Condom\u00ednio', 'Estacionamento Coberto']", "entorno": "['Pr\u00f3ximo a Escola P\u00fablica', 'Pr\u00f3ximo ao Metr\u00f4', 'Pr\u00f3ximo a Praia', 'Pr\u00f3ximo a Servi\u00e7os de Sa\u00fade', 'Pr\u00f3ximo a Centro Empresarial', 'Pr\u00f3ximo a Restaurante', 'Pr\u00f3ximo a Com\u00e9rcio Diversos', 'Pr\u00f3ximo a Academia']"}}, "anuncio": {"tipos": {"publicacao": "Padr\u00e3o", "listagem": "Usado"}, "valores": {"venda": 475000.0, "aluguel": 0.0, "condominio": 920.0, "iptu": 0.0}, "descricao": "Amplo im\u00f3vel para venda com 2 quartos, sendo 1 su\u00edtes, e 2 banheiros no total."}}, {"imovel": {"tipos": {"propriedade": "Apartamento"}, "endereco": {"bairro": "Tijuca", "localizacao": {"type": "Point", "coordinates": [-43.2266348, -22.9220052]}}, "vagasGaragem": 0, "area": 0, "caracteristicas": {"propriedade": "['Ambientes Integrados', 'Varanda', 'Terra\u00e7o', 'Vista Panor\u00e2mica', 'Acessibilidade']", "condominio": "['Elevador', 'Acessibilidade', 'Estacionamento Coberto', 'Academia', 'Aceita Pet']", "entorno": "[]"}}, "anuncio": {"tipos": {"publicacao": "Padr\u00e3o", "listagem": "Usado"}, "valores": {"venda": 0.0, "aluguel": 0.0, "condominio": 0.0, "iptu": 0.0}, "descricao": "Amplo im\u00f3vel para venda com 0 quartos, sendo 0 su\u00edtes, e 1 banheiros no total."}}, {"imovel": {"tipos": {"propriedade": "Apartamento"}, "endereco": {"bairro": "Lagoa", "localizacao": {"type": "Point", "coordinates": [-43.2112318, -22.9625433]}}, "vagasGaragem": 1, "area": 56, "caracteristicas": {"propriedade": "['Sauna', 'Piscina', 'Cozinha Americana', 'Vista Panor\u00e2mica']", "condominio": "['Quadra Poliesportiva', 'Biciclet\u00e1rio', 'Piscina', 'Elevador', 'Seguran\u00e7a Interna', 'Sistema de Inc\u00eandio']", "entorno": "['Pr\u00f3ximo a Farm\u00e1cia', 'Pr\u00f3ximo a \u00c1reas de Lazer', 'Pr\u00f3ximo a Restaurante', 'Pr\u00f3ximo a Academia', 'Pr\u00f3ximo a Parques e \u00c1reas Verdes', 'Pr\u00f3ximo a Servi\u00e7os de Sa\u00fade', 'Pr\u00f3ximo a Escola P\u00fablica', 'Pr\u00f3ximo a Com\u00e9rcio Diversos', 'Pr\u00f3ximo ao Metr\u00f4', 'Pr\u00f3ximo a Mercado', 'Pr\u00f3ximo ao Shopping', 'Pr\u00f3ximo a Centro Empresarial', 'Pr\u00f3ximo a Escola Particular', 'Pr\u00f3ximo a Praia']"}}, "anuncio": {"tipos": {"publicacao": "Padr\u00e3o", "listagem": "Usado"}, "valores": {"venda": 1200000.0, "aluguel": 0.0, "condominio": 1608.0, "iptu": 3284.0}, "descricao": "Amplo im\u00f3vel para venda com 1 quartos, sendo 1 su\u00edtes, e 2 banheiros no total."}}, {"imovel": {"tipos": {"propriedade": "Apartamento"}, "endereco": {"bairro": "Vila Isabel", "localizacao": {"type": "Point", "coordinates": [-43.2508337, -22.9167328]}}, "vagasGaragem": 1, "area": 70, "caracteristicas": {"propriedade": "['G\u00e1s Encanado', 'Quarto/WC Empregada', 'Terra\u00e7o', 'Acessibilidade', 'Mobiliado', 'Vista Panor\u00e2mica', 'Varanda', 'Sauna', 'Churrasqueira', 'Cozinha Americana', 'Closet', '\u00c1rea de Servi\u00e7o', 'Piscina', 'Ambientes Integrados', 'Arm\u00e1rios Planejados']", "condominio": "['Academia']", "entorno": "['Pr\u00f3ximo a Mercado', 'Pr\u00f3ximo a Praia', 'Pr\u00f3ximo a Escola Particular', 'Pr\u00f3ximo a Escola P\u00fablica', 'Pr\u00f3ximo ao Shopping', 'Pr\u00f3ximo a Servi\u00e7os de Sa\u00fade', 'Pr\u00f3ximo a Restaurante', 'Pr\u00f3ximo a Centro Empresarial', 'Pr\u00f3ximo a Farm\u00e1cia', 'Pr\u00f3ximo a \u00c1reas de Lazer', 'Pr\u00f3ximo a Parques e \u00c1reas Verdes', 'Pr\u00f3ximo a Com\u00e9rcio Diversos', 'Pr\u00f3ximo ao Metr\u00f4']"}}, "anuncio": {"tipos": {"publicacao": "Padr\u00e3o", "listagem": "Usado"}, "valores": {"venda": 370000.0, "aluguel": 0.0, "condominio": 500.0, "iptu": 0.0}, "descricao": "Amplo im\u00f3vel para venda com 2 quartos, sendo 0 su\u00edtes, e 1 banheiros no total."}}, {"imovel": {"tipos": {"propriedade": "Apartamento"}, "endereco": {"bairro": "Tijuca", "localizacao": {"type": "Point", "coordinates": [-49.0607072, -26.9225117]}}, "vagasGaragem": 1, "area": 40, "caracteristicas": {"propriedade": "['Sauna', 'Acessibilidade', 'Mobiliado', 'Churrasqueira', 'G\u00e1s Encanado', 'Varanda', 'Piscina', 'Vista Panor\u00e2mica', 'Terra\u00e7o', 'Ambientes Integrados', 'Closet']", "condominio": "['Acessibilidade', 'Sistema de Inc\u00eandio', 'Porteiro 24 Horas', 'Estacionamento Coberto', 'Com\u00e9rcio/Servi\u00e7os no Condom\u00ednio', 'Academia', 'Playground']", "entorno": "['Pr\u00f3ximo a Mercado', 'Pr\u00f3ximo a Escola Particular', 'Pr\u00f3ximo a Com\u00e9rcio Diversos', 'Pr\u00f3ximo a \u00c1reas de Lazer', 'Pr\u00f3ximo a Servi\u00e7os de Sa\u00fade', 'Pr\u00f3ximo a Restaurante', 'Pr\u00f3ximo ao Metr\u00f4', 'Pr\u00f3ximo a Academia']"}}, "anuncio": {"tipos": {"publicacao": "Padr\u00e3o", "listagem": "Usado"}, "valores": {"venda": 450000.0, "aluguel": 0.0, "condominio": 827.0, "iptu": 146.0}, "descricao": "Amplo im\u00f3vel para venda com 0 quartos, sendo 0 su\u00edtes, e 1 banheiros no total."}}, {"imovel": {"tipos": {"propriedade": "Apartamento"}, "endereco": {"bairro": "Copacabana", "localizacao": {"type": "Point", "coordinates": [-43.1913165, -22.9658986]}}, "vagasGaragem": 2, "area": 200, "caracteristicas": {"propriedade": "[]", "condominio": "['Sal\u00e3o de Jogos', 'Sistema de Inc\u00eandio', 'Sauna', 'Servi\u00e7o de Transporte no Condom\u00ednio', 'Com\u00e9rcio/Servi\u00e7os no Condom\u00ednio', 'Dep\u00f3sito Privativo', 'Acessibilidade', 'Piscina']", "entorno": "['Pr\u00f3ximo a Farm\u00e1cia', 'Pr\u00f3ximo a Restaurante', 'Pr\u00f3ximo a Servi\u00e7os de Sa\u00fade', 'Pr\u00f3ximo a Escola P\u00fablica', 'Pr\u00f3ximo a Parques e \u00c1reas Verdes', 'Pr\u00f3ximo a \u00c1reas de Lazer', 'Pr\u00f3ximo a Com\u00e9rcio Diversos', 'Pr\u00f3ximo a Praia', 'Pr\u00f3ximo a Academia', 'Pr\u00f3ximo ao Shopping', 'Pr\u00f3ximo a Centro Empresarial', 'Pr\u00f3ximo a Escola Particular', 'Pr\u00f3ximo a Mercado']"}}, "anuncio": {"tipos": {"publicacao": "Padr\u00e3o", "listagem": "Usado"}, "valores": {"venda": 3000000.0, "aluguel": 0.0, "condominio": 4000.0, "iptu": 3000.0}, "descricao": "Amplo im\u00f3vel para venda com 3 quartos, sendo 2 su\u00edtes, e 3 banheiros no total."}}, {"imovel": {"tipos": {"propriedade": "Cobertura"}, "endereco": {"bairro": "M\u00e9ier", "localizacao": {"type": "Point", "coordinates": [-43.279874, -22.894531]}}, "vagasGaragem": 0, "area": 0, "caracteristicas": {"propriedade": "[]", "condominio": "['Playground', 'Elevador', 'Sal\u00e3o de Festas', 'Estacionamento Visitantes', 'Piscina', 'Sistema de Inc\u00eandio', 'Churrasqueira', 'Servi\u00e7o de Transporte no Condom\u00ednio', 'Porteiro 24 Horas', 'Quadra Poliesportiva', 'Academia', 'Aceita Pet', 'Dep\u00f3sito Privativo']", "entorno": "['Pr\u00f3ximo a Restaurante', 'Pr\u00f3ximo a Mercado', 'Pr\u00f3ximo a Praia', 'Pr\u00f3ximo a \u00c1reas de Lazer', 'Pr\u00f3ximo a Servi\u00e7os de Sa\u00fade', 'Pr\u00f3ximo a Escola Particular', 'Pr\u00f3ximo a Escola P\u00fablica', 'Pr\u00f3ximo a Com\u00e9rcio Diversos']"}}, "anuncio": {"tipos": {"publicacao": "Padr\u00e3o", "listagem": "Usado"}, "valores": {"venda": 350000.0, "aluguel": 0.0, "condominio": 0.0, "iptu": 0.0}, "descricao": "Amplo im\u00f3vel para venda com 0 quartos, sendo 0 su\u00edtes, e 1 banheiros no total."}}, {"imovel": {"tipos": {"propriedade": "Cobertura"}, "endereco": {"bairro": "M\u00e9ier", "localizacao": {"type": "Point", "coordinates": [0, 0]}}, "vagasGaragem": 0, "area": 62, "caracteristicas": {"propriedade": "['Terra\u00e7o', '\u00c1rea de Servi\u00e7o', 'Sauna', 'Churrasqueira', 'Quarto/WC Empregada', 'Mobiliado', 'Arm\u00e1rios Planejados', 'Acessibilidade', 'Varanda', 'G\u00e1s Encanado', 'Ambientes Integrados', 'Cozinha Americana', 'Vista Panor\u00e2mica', 'Closet']", "condominio": "['Acessibilidade', 'Biciclet\u00e1rio', 'Aceita Pet', 'Churrasqueira', 'Sistema de Inc\u00eandio', 'Sal\u00e3o de Festas', 'Porteiro 24 Horas', 'Quadra Poliesportiva']", "entorno": "['Pr\u00f3ximo ao Metr\u00f4', 'Pr\u00f3ximo a Restaurante', 'Pr\u00f3ximo a Escola Particular', 'Pr\u00f3ximo a Escola P\u00fablica']"}}, "anuncio": {"tipos": {"publicacao": "Padr\u00e3o", "listagem": "Usado"}, "valores": {"venda": 265000.0, "aluguel": 0.0, "condominio": 220.0, "iptu": 0.0}, "descricao": "Amplo im\u00f3vel para venda com 3 quartos, sendo 0 su\u00edtes, e 1 banheiros no total."}}, {"imovel": {"tipos": {"propriedade": "Apartamento"}, "endereco": {"bairro": "Copacabana", "localizacao": {"type": "Point", "coordinates": [-43.1943902, -22.9816847]}}, "vagasGaragem": 1, "area": 216, "caracteristicas": {"propriedade": "['Cozinha Americana', 'Quarto/WC Empregada', 'Piscina', 'Churrasqueira', 'Varanda', 'Closet', 'Vista Panor\u00e2mica', 'Sauna']", "condominio": "['Elevador', 'Sal\u00e3o de Festas', 'Porteiro 24 Horas', 'Aceita Pet', 'Sauna', 'Churrasqueira', 'Estacionamento Coberto', 'Dep\u00f3sito Privativo', 'Acessibilidade', 'Piscina', 'Com\u00e9rcio/Servi\u00e7os no Condom\u00ednio', 'Seguran\u00e7a Interna', 'Academia', 'Sal\u00e3o de Jogos', 'Biciclet\u00e1rio']", "entorno": "['Pr\u00f3ximo a Farm\u00e1cia', 'Pr\u00f3ximo a Academia', 'Pr\u00f3ximo a Escola P\u00fablica', 'Pr\u00f3ximo a Centro Empresarial', 'Pr\u00f3ximo a Mercado', 'Pr\u00f3ximo a Escola Particular', 'Pr\u00f3ximo a Com\u00e9rcio Diversos', 'Pr\u00f3ximo a Restaurante', 'Pr\u00f3ximo a \u00c1reas de Lazer', 'Pr\u00f3ximo ao Shopping', 'Pr\u00f3ximo a Servi\u00e7os de Sa\u00fade', 'Pr\u00f3ximo a Praia']"}}, "anuncio": {"tipos": {"publicacao": "Padr\u00e3o", "listagem": "Usado"}, "valores": {"venda": 1800000.0, "aluguel": 0.0, "condominio": 2000.0, "iptu": 2300.0}, "descricao": "Amplo im\u00f3vel para venda com 4 quartos, sendo 2 su\u00edtes, e 3 banheiros no total."}}, {"imovel": {"tipos": {"propriedade": "Apartamento"}, "endereco": {"bairro": "Leblon", "localizacao": {"type": "Point", "coordinates": [-43.2253114, -22.9843603]}}, "vagasGaragem": 1, "area": 218, "caracteristicas": {"propriedade": "['Piscina', 'G\u00e1s Encanado']", "condominio": "['Academia', 'Aceita Pet', 'Sistema de Inc\u00eandio', 'Biciclet\u00e1rio', 'Estacionamento Coberto', 'Churrasqueira', 'Piscina', 'Elevador', 'Estacionamento Visitantes', 'Sal\u00e3o de Festas', 'Servi\u00e7o de Transporte no Condom\u00ednio', 'Sauna', 'Acessibilidade', 'Dep\u00f3sito Privativo']", "entorno": "['Pr\u00f3ximo a Com\u00e9rcio Diversos', 'Pr\u00f3ximo a Centro Empresarial', 'Pr\u00f3ximo a Restaurante', 'Pr\u00f3ximo a Farm\u00e1cia', 'Pr\u00f3ximo a \u00c1reas de Lazer', 'Pr\u00f3ximo a Escola Particular', 'Pr\u00f3ximo a Escola P\u00fablica', 'Pr\u00f3ximo ao Metr\u00f4', 'Pr\u00f3ximo a Mercado', 'Pr\u00f3ximo a Academia', 'Pr\u00f3ximo a Servi\u00e7os de Sa\u00fade', 'Pr\u00f3ximo ao Shopping']"}}, "anuncio": {"tipos": {"publicacao": "Premium", "listagem": "Usado"}, "valores": {"venda": 4500000.0, "aluguel": 0.0, "condominio": 3600.0, "iptu": 7000.0}, "descricao": "Amplo im\u00f3vel para venda com 3 quartos, sendo 1 su\u00edtes, e 2 banheiros no total."}}, {"imovel": {"tipos": {"propriedade": "Casa"}, "endereco": {"bairro": "Copacabana", "localizacao": {"type": "Point", "coordinates": [-43.1951842, -22.9818646]}}, "vagasGaragem": 0, "area": 25, "caracteristicas": {"propriedade": "['Closet', 'Arm\u00e1rios Planejados', 'Quarto/WC Empregada']", "condominio": "['Biciclet\u00e1rio', 'Sistema de Inc\u00eandio', 'Seguran\u00e7a Interna', 'Sal\u00e3o de Festas', 'Churrasqueira', 'Quadra Poliesportiva', 'Com\u00e9rcio/Servi\u00e7os no Condom\u00ednio']", "entorno": "[]"}}, "anuncio": {"tipos": {"publicacao": "Destaque", "listagem": "Usado"}, "valores": {"venda": 350000.0, "aluguel": 0.0, "condominio": 290.0, "iptu": 182.0}, "descricao": "Amplo im\u00f3vel para venda com 1 quartos, sendo 0 su\u00edtes, e 1 banheiros no total."}}, {"imovel": {"tipos": {"propriedade": "Sala Comercial"}, "endereco": {"bairro": "Cachambi", "localizacao": {"type": "Point", "coordinates": [-43.2781994, -22.8917611]}}, "vagasGaragem": 2, "area": 138, "caracteristicas": {"propriedade": "['G\u00e1s Encanado', 'Acessibilidade', 'Ambientes Integrados', 'Vista Panor\u00e2mica', 'Quarto/WC Empregada', 'Mobiliado', 'Churrasqueira', 'Piscina', 'Varanda', 'Closet', 'Sauna', 'Cozinha Americana', 'Arm\u00e1rios Planejados', 'Terra\u00e7o']", "condominio": "['Playground', 'Dep\u00f3sito Privativo', 'Academia', 'Quadra Poliesportiva', 'Elevador']", "entorno": "['Pr\u00f3ximo a Praia', 'Pr\u00f3ximo a Servi\u00e7os de Sa\u00fade', 'Pr\u00f3ximo a Restaurante', 'Pr\u00f3ximo a Com\u00e9rcio Diversos', 'Pr\u00f3ximo a \u00c1reas de Lazer', 'Pr\u00f3ximo a Academia', 'Pr\u00f3ximo a Centro Empresarial', 'Pr\u00f3ximo ao Metr\u00f4', 'Pr\u00f3ximo a Farm\u00e1cia', 'Pr\u00f3ximo a Escola P\u00fablica', 'Pr\u00f3ximo a Escola Particular', 'Pr\u00f3ximo ao Shopping', 'Pr\u00f3ximo a Parques e \u00c1reas Verdes', 'Pr\u00f3ximo a Mercado']"}}, "anuncio": {"tipos": {"publicacao": "Premium", "listagem": "Usado"}, "valores": {"venda": 619000.0, "aluguel": 0.0, "condominio": 506.0, "iptu": 1404.0}, "descricao": "Amplo im\u00f3vel para venda com 3 quartos, sendo 1 su\u00edtes, e 2 banheiros no total."}}, {"imovel": {"tipos": {"propriedade": "Apartamento"}, "endereco": {"bairro": "Tijuca", "localizacao": {"type": "Point", "coordinates": [-43.2356544, -22.9264543]}}, "vagasGaragem": 0, "area": 100, "caracteristicas": {"propriedade": "['Churrasqueira', 'G\u00e1s Encanado', 'Quarto/WC Empregada', 'Sauna', 'Ambientes Integrados', 'Arm\u00e1rios Planejados', 'Terra\u00e7o', 'Vista Panor\u00e2mica']", "condominio": "['Academia', 'Quadra Poliesportiva', 'Sauna', 'Estacionamento Coberto', 'Com\u00e9rcio/Servi\u00e7os no Condom\u00ednio', 'Seguran\u00e7a Interna', 'Biciclet\u00e1rio', 'Porteiro 24 Horas', 'Sistema de Inc\u00eandio', 'Churrasqueira', 'Piscina', 'Dep\u00f3sito Privativo', 'Aceita Pet', 'Estacionamento Visitantes']", "entorno": "['Pr\u00f3ximo a Com\u00e9rcio Diversos', 'Pr\u00f3ximo a \u00c1reas de Lazer', 'Pr\u00f3ximo a Parques e \u00c1reas Verdes', 'Pr\u00f3ximo ao Metr\u00f4', 'Pr\u00f3ximo a Farm\u00e1cia', 'Pr\u00f3ximo a Escola P\u00fablica']"}}, "anuncio": {"tipos": {"publicacao": "Padr\u00e3o", "listagem": "Usado"}, "valores": {"venda": 580000.0, "aluguel": 0.0, "condominio": 0.0, "iptu": 0.0}, "descricao": "Amplo im\u00f3vel para venda com 3 quartos, sendo 1 su\u00edtes, e 2 banheiros no total."}}]}}}